iteration,food_quantity,event_poll_ms,ants_advance_ms,evaporation_ms,update_ms,advance_total_ms,render_ms,blit_ms,iteration_total_ms,mpi_halo_exchange_ms,mpi_migration_ms,mpi_food_allreduce_ms,mpi_render_comm_ms,mpi_total_comm_ms
1,0,2.179031,17.523452,0.106092,0.011888,17.624772,47.517247,15.890331,106.971139,2.468282,11.119195,0.002751,20.121213,31.513590
2,0,0.027004,12.739853,3.187903,0.345730,15.962312,19.748190,13.257325,61.212956,0.301161,4.718984,0.003420,13.122103,17.643282
3,0,0.021115,8.906432,0.070787,0.010093,8.951410,22.932694,3.758558,45.652573,0.261232,1.220993,0.002998,9.333791,10.789569
4,0,0.019619,10.315465,0.322287,0.023786,10.661538,18.413281,0.713514,45.200616,0.378633,4.006545,0.003469,15.191093,19.281852
5,0,0.009838,14.491883,0.075377,0.008186,14.529347,24.726077,10.203970,62.051592,0.239939,7.056652,0.002448,12.134047,16.789699
6,0,0.023965,17.383548,0.098131,0.009958,17.434103,18.832749,15.855215,61.074333,0.186633,9.931077,0.002659,8.356897,14.169485
7,0,0.018429,8.770173,0.248916,0.014000,8.946909,18.251195,8.649220,46.050991,0.311234,3.803546,0.002694,9.259186,13.311006
8,0,0.018313,8.949980,0.835131,0.010571,9.037275,16.332927,6.825863,45.970775,0.292857,3.401827,0.002734,12.091836,15.766351
9,0,0.020386,17.874480,0.136317,0.009917,17.922126,15.879581,1.901398,45.045029,0.267005,11.195146,0.002547,8.588672,15.473243
10,0,0.017233,9.345222,1.061961,0.016511,10.412188,19.310336,0.592535,45.226368,0.346408,3.110072,0.004280,15.012398,17.702170
11,0,0.008373,10.947148,0.070567,0.009862,11.009546,18.689023,6.473493,45.928693,0.333738,4.273574,0.003120,8.980539,13.202168
12,0,0.038141,8.542106,0.108530,0.006380,8.587675,18.741206,7.240769,46.078713,0.327763,2.507846,0.002757,9.710419,12.517913
13,0,0.027621,9.464633,0.340111,0.005020,9.807300,19.403286,16.310679,61.566580,0.315858,2.267386,0.002491,15.722654,17.505579
14,0,0.027336,14.864994,3.401977,0.013075,14.921180,17.194558,10.291204,61.526052,0.284059,8.833948,0.003127,15.342312,24.428157
15,0,0.031097,10.026515,2.887141,0.039487,11.935225,19.128493,12.732677,61.409210,0.516927,6.894456,0.002676,12.682651,16.430854
16,0,0.020732,16.190010,4.351269,0.007886,16.256326,19.199205,11.279160,61.580709,0.248814,9.440858,0.002594,9.995429,19.666226
17,0,0.023912,11.373984,3.064320,0.017623,14.455927,18.353813,1.758275,45.595156,0.305427,5.245537,0.002725,13.058889,18.468724
18,0,0.015614,12.159664,0.075682,0.003178,12.211037,17.171393,7.651272,46.017485,0.286592,5.656217,0.003018,8.580616,14.406413
19,0,0.023664,10.869350,1.390905,0.011143,12.265200,19.397309,14.781086,61.458390,0.314102,5.624747,0.003725,14.907841,20.586493
20,0,0.025533,16.737779,2.423160,0.025405,16.862651,23.156678,1.699422,60.825148,0.294262,7.853971,0.003706,15.884742,22.935295
21,0,0.016368,9.606569,1.368573,0.004357,10.979499,17.120309,9.309123,45.952508,0.176195,4.114513,0.002599,9.572556,12.965011
22,0,0.024187,8.441174,0.156400,0.009410,8.496304,19.101108,9.127326,46.088678,0.185380,2.758342,0.002601,8.629784,11.553188
23,0,0.023198,10.833192,0.120647,0.011647,10.908274,18.166414,6.737291,46.588870,0.320628,4.994359,0.004105,9.938243,15.241546
24,0,0.025997,9.736429,0.060340,0.011945,9.776591,16.338149,8.950741,45.417483,0.258583,2.853075,0.002810,9.962644,12.291254
25,0,0.028923,8.701908,0.073458,0.003141,8.771261,16.259181,11.631991,46.120776,0.279341,2.467400,0.003412,8.453690,11.184903
26,0,0.018956,8.555055,0.057705,0.004802,8.605107,17.983110,10.672305,45.743298,0.167687,3.213487,0.001958,7.899074,11.261299
27,0,0.020291,8.947443,0.276971,0.010095,9.073939,15.980983,6.899874,46.425238,0.175932,3.218005,0.002098,13.507744,16.884232
28,0,0.018602,9.654528,0.047664,0.006607,9.707673,27.102667,16.021645,61.635497,0.179484,3.746751,0.002003,8.231788,12.142545
29,0,0.024644,8.111643,0.055459,0.003322,8.154462,19.652309,6.014950,44.262518,0.182370,2.799028,0.003100,10.077617,13.047166
30,0,0.025806,8.578533,0.047850,0.004851,8.622074,17.946314,7.813476,46.005091,0.270775,1.728097,0.003215,10.931801,12.926775
31,0,0.032410,9.143907,0.063382,0.012246,9.186222,15.466764,10.661281,46.211819,0.384736,2.538619,0.002560,9.940090,12.854143
32,0,0.026941,14.812111,0.947800,0.005688,14.854528,17.564130,4.634137,45.529667,0.219774,10.121951,0.002821,7.471130,17.787575
33,0,0.017532,8.473060,0.103512,0.004355,8.579326,24.221405,3.655219,45.355829,0.166314,2.406498,0.003324,8.315831,10.878695
34,0,0.016759,8.186872,0.060901,0.010274,8.242845,18.981616,7.184125,46.766040,0.241329,3.373260,0.002796,11.294696,14.503885
35,0,0.021983,8.310667,0.059280,0.010510,8.361820,16.023401,11.709411,46.102885,0.297694,1.766874,0.002701,9.288518,11.342079
36,0,0.025750,9.030480,0.049539,0.003904,9.079270,16.787383,9.656027,46.442052,0.287035,2.272568,0.002374,10.426904,12.929071
37,0,0.026670,7.709963,0.048154,0.012143,7.770260,21.641577,7.807843,45.689001,0.250480,1.716034,0.003009,7.929523,9.882079
38,0,0.020088,9.351237,0.050960,0.010823,9.413020,17.993574,8.630467,45.881920,0.255423,3.106641,0.002718,9.244978,12.590502
39,0,0.030700,8.256284,0.045795,0.010662,8.299042,22.275579,3.630883,46.141056,0.183420,3.173831,0.002929,11.400672,14.728769
40,0,0.015066,9.374741,0.045703,0.003798,9.419004,16.971618,11.086803,45.860962,0.266648,3.898422,0.002358,7.816864,11.972345
41,0,0.024470,7.783985,0.042324,0.008310,7.816665,16.286838,13.773167,46.317078,0.183819,3.433773,0.002759,7.519130,11.127787
42,0,0.022086,8.311071,0.272103,0.003271,8.586286,17.130167,10.027919,45.309294,0.255837,2.739321,0.002668,9.249834,12.228795
43,0,0.027382,7.843314,0.054114,0.007132,7.887767,18.185905,12.859360,46.566502,0.260670,3.134623,0.003084,7.183973,10.557438
44,0,0.019540,7.943018,0.055293,0.003377,8.001248,23.686433,3.633193,45.103097,0.253424,1.815479,0.002737,9.188577,11.243065
45,0,0.019317,8.944079,0.052133,0.013197,9.004982,22.293696,4.044249,46.482758,0.304553,1.887091,0.001936,10.066741,10.993285
46,0,0.018684,8.454069,0.145378,0.011367,8.544268,17.398781,11.796708,46.160934,0.394154,3.959488,0.003114,7.670905,12.013155
47,0,0.026029,8.245653,0.041799,0.004814,8.288558,15.774818,13.715944,45.491059,0.274653,2.041596,0.002760,7.416042,9.710709
48,0,0.023477,9.345101,0.041656,0.010158,9.393263,17.332559,10.972761,45.866049,0.374792,3.966197,0.002690,7.539741,11.176525
49,0,0.018627,8.430896,0.066636,0.008266,8.472386,17.101897,13.032205,46.326321,0.167494,2.288054,0.024849,7.178487,9.618166
50,0,0.027297,9.681021,0.050005,0.003474,9.734500,17.972926,7.028537,44.512217,0.602312,3.667385,0.003257,9.186796,13.214582
51,0,0.017791,9.544453,0.063690,0.003361,9.611504,25.574579,13.884273,61.238830,0.277333,2.851125,0.003252,11.769864,14.861997
52,0,0.033440,8.004808,0.055166,0.004303,8.063039,21.058607,7.045779,46.445867,0.318656,2.131812,0.002557,9.470579,11.899720
53,0,0.021025,9.013610,0.058637,0.003159,9.056542,19.215453,7.841128,45.633449,0.177305,3.164513,0.002555,9.100393,12.427988
54,0,0.020414,8.901803,0.160713,0.011821,8.950792,17.325344,9.660357,46.147183,0.238595,3.927878,0.003180,9.268804,12.113544
55,0,0.026258,9.176228,0.275985,0.021991,9.255993,28.090171,12.868161,60.983760,0.418289,2.657744,0.003466,10.024834,11.488281
56,0,0.027560,10.981281,0.050821,0.009301,11.030768,19.884470,8.075054,47.042891,0.292775,2.197396,0.002814,7.648844,9.432098
57,0,0.027498,8.791895,0.050976,0.010074,8.832852,21.896791,5.081150,45.888714,0.331195,2.502380,0.002743,9.523087,11.688431
58,0,0.017360,10.054805,0.869662,0.004420,10.575915,22.209016,3.705740,45.856829,0.172168,3.425892,0.003399,9.478302,13.062594
59,0,0.016214,9.883399,0.062323,0.003101,9.948723,19.312727,4.658809,45.732200,0.188348,4.082952,0.003754,11.313211,13.682479
60,0,0.023800,14.109837,0.112408,0.007684,14.158023,20.599144,2.832976,45.731573,0.300798,7.698546,0.002660,7.423122,11.254169
61,0,0.013697,14.307408,0.694905,0.011477,15.008081,20.804327,0.716171,45.445921,0.295786,8.332759,0.003042,8.350010,16.843401
62,0,0.009191,16.840972,2.764286,0.012126,16.891647,17.468748,0.681896,46.217883,0.348930,11.771465,0.002571,9.773772,21.889669
63,0,0.007952,11.358889,0.151816,0.009790,11.454806,18.789208,6.028805,45.919544,0.170197,5.055446,0.003223,8.937878,14.160451
64,0,0.019894,7.845936,0.112420,0.004486,7.892492,15.904319,7.034065,46.140848,0.313108,2.690364,0.003018,14.678085,17.653009
65,0,0.029961,9.864875,0.318174,0.004304,10.187353,24.478845,13.064079,61.851788,0.317593,2.747343,0.003402,13.284211,16.098081
66,0,0.033021,11.208316,0.147619,0.005845,11.255352,24.114387,1.788723,45.320408,0.306690,5.373354,0.003142,7.708915,13.360407
67,0,0.012177,8.816770,0.223096,0.004033,9.042325,18.044860,6.790910,45.576954,0.345259,2.993472,0.002401,11.299078,13.148146
68,0,0.019471,8.033178,0.046591,0.003975,8.079954,20.368959,8.824863,46.360369,0.292876,2.244376,0.002819,8.626796,11.145952
69,0,0.022523,9.213285,0.054291,0.009479,9.270848,23.377381,5.054315,45.768657,0.260206,3.286880,0.002206,7.569769,11.101249
70,0,0.015060,9.450023,0.055008,0.003343,9.497889,22.124287,2.612785,44.908539,0.271946,5.483144,0.002148,10.141083,15.847181
71,0,0.015099,8.099411,0.662458,0.003984,8.764829,18.299976,10.171961,46.544147,0.283790,2.111845,0.002566,9.441768,11.826287
72,0,0.037422,7.646965,0.287444,0.005771,7.696676,17.996290,7.682763,45.193494,0.351954,2.068344,0.003422,11.322617,13.707697
73,0,0.019600,9.472297,0.056441,0.004968,9.528420,16.710541,10.194553,46.211051,0.257784,3.366148,0.002354,9.349113,12.958875
74,0,0.023027,8.304328,0.047893,0.005628,8.351029,20.543671,6.620254,45.921401,0.177135,1.995797,0.003470,9.972322,12.127950
75,0,0.022471,7.473378,0.052671,0.010250,7.532567,18.731375,8.002493,46.099804,0.249680,1.203011,0.002539,11.353289,12.718331
76,0,0.026791,9.348049,0.059832,0.009577,9.394363,20.848744,7.587417,47.032369,0.249556,4.879747,0.002907,8.433318,13.555098
77,0,0.021668,9.411544,0.413625,0.010962,9.827891,30.750776,5.697867,61.165437,0.271783,3.914433,0.002422,13.933683,17.304359
78,0,0.023960,6.979932,0.096467,0.010544,7.078813,23.429464,6.742306,45.447932,0.273737,1.286345,0.003191,7.611058,8.090192
79,0,0.036712,8.732326,0.091795,0.013422,8.772282,18.409624,5.747639,45.741505,0.374833,2.816712,0.003240,12.019789,14.173272
80,0,0.024885,9.407470,0.048586,0.003212,9.451088,19.816829,9.671951,46.723721,0.168295,3.891472,0.002563,7.344309,11.395156
81,0,0.017715,8.421744,0.161758,0.003531,8.586023,16.886110,11.722095,45.996389,0.255081,2.514940,0.002449,8.400871,11.150281
82,0,0.023105,8.944286,0.041441,0.010779,8.985866,23.305848,3.720485,45.370749,0.283866,4.746169,0.002580,8.815702,13.831763
83,0,0.044433,9.601522,0.053341,0.010802,9.639950,18.895308,6.788828,46.325182,0.245256,4.013760,0.002991,10.376137,14.591196
84,0,0.030070,7.944656,0.070573,0.003312,7.992461,18.649438,11.095447,46.217405,0.352335,1.607430,0.002302,7.971289,9.889478
85,0,0.019752,8.884370,0.051318,0.010549,8.929354,17.482331,7.138455,44.957405,0.264538,2.894073,0.002749,10.865748,13.986041
86,0,0.026817,15.408266,5.315082,0.012351,20.731309,22.730877,6.651864,61.201878,0.301256,9.160919,0.003009,15.803212,24.985617
87,0,0.052324,9.056051,0.062431,0.011324,9.105551,25.503211,14.130003,62.101427,0.429925,3.016508,0.003097,12.358252,15.087446
88,0,0.018274,10.340328,0.047369,0.012007,10.386258,23.859359,0.922864,44.826953,0.269992,5.894609,0.002292,9.015905,15.148411
89,0,0.007674,15.514180,2.471220,0.017611,15.558446,15.677395,15.588087,60.801355,0.346547,11.437054,0.002529,10.630919,22.407270
90,0,0.019786,8.278414,0.699019,0.004547,8.325846,18.478539,9.622422,46.008487,0.261766,4.255387,0.003236,9.109911,13.615436
91,0,0.020014,12.108503,1.335043,0.017130,12.165105,26.391738,13.771067,61.747832,0.270374,5.998027,0.002315,8.774258,15.026996
92,0,0.026556,8.257813,0.344328,0.011009,8.345340,24.380646,3.666577,45.811189,0.380430,2.520064,0.002361,8.885608,11.774853
93,0,0.027344,8.708251,0.061833,0.010627,8.780711,23.707759,3.123092,45.719192,0.356611,3.342345,0.002552,9.224312,12.885473
94,0,0.013129,8.434390,0.052538,0.003489,8.480838,26.907889,1.678453,45.938706,0.241063,3.742991,0.002595,8.433687,11.986766
95,0,0.010120,8.054503,0.127787,0.009534,8.100583,27.868291,2.914306,46.990079,0.237621,2.918004,0.002432,7.655863,9.929605
96,0,0.019863,8.000472,0.046598,0.003200,8.049397,24.093882,6.053695,45.895177,0.231026,2.567031,0.002911,7.385444,10.106333
97,0,0.018989,9.902184,0.494158,0.009137,10.374432,21.901924,4.695118,45.159835,0.241014,4.047643,0.002400,7.759051,11.977657
98,0,0.019793,9.651397,0.061716,0.003425,9.697606,20.813805,5.581945,46.050654,0.315788,4.384895,0.002694,8.877211,13.515274
99,0,0.024534,9.040912,0.053273,0.012446,9.095153,16.256195,9.087425,46.489556,0.207265,2.734877,0.002274,11.365723,14.283469
100,0,0.032325,9.162237,0.052379,0.003377,9.217764,26.862946,14.109036,61.444273,0.314682,2.983226,0.002502,10.728820,13.454197
101,0,0.034667,8.402773,0.046804,0.007607,8.452239,16.964478,7.070755,45.064982,0.486628,2.138324,0.002513,11.904862,14.508163
102,0,0.021341,8.665580,0.083980,0.017304,8.734870,18.210029,9.592092,46.913199,0.175459,2.062946,0.002721,9.991917,12.220829
103,0,0.032874,16.423361,1.141908,0.021773,16.473305,18.074337,13.960733,60.671511,0.300518,11.094847,0.002298,10.429695,21.797723
104,0,0.025818,7.813779,0.048354,0.009117,7.853486,20.707511,6.089700,46.290455,0.181126,1.755412,0.002686,11.022418,12.941103
105,0,0.017961,12.568206,2.106277,0.012105,12.745829,19.059529,3.578198,45.659413,0.168246,4.932309,0.003145,7.898083,12.199051
106,0,0.016774,9.559334,0.058305,0.012856,9.605950,17.182061,4.602120,46.144250,0.241263,1.636558,0.002190,13.611201,14.737573
107,0,0.019263,8.716626,0.053428,0.008374,8.759118,17.424528,11.099497,46.022330,0.180615,2.823818,0.002664,8.231400,11.216564
108,0,0.022029,7.863759,0.053593,0.011371,7.908642,17.569130,10.670136,45.847390,0.169324,2.973977,0.002558,9.384830,12.521989
109,0,0.026823,8.004626,0.045717,0.003816,8.052967,31.767780,11.153184,60.549802,0.317135,3.217784,0.003446,9.092248,12.617276
110,0,0.022322,8.349689,0.477813,0.010080,8.837339,24.679138,3.638807,45.383848,0.375945,1.479938,0.002099,8.230327,9.748613
111,0,0.020948,9.160835,0.047920,0.031115,9.239794,16.954981,7.737264,46.025721,0.246383,1.771307,0.002629,11.291318,12.810823
112,0,0.020693,7.438102,0.047895,0.003267,7.480263,22.865792,7.113158,45.915936,0.247375,1.082914,0.002985,8.038883,9.304522
113,0,0.023563,7.904170,0.048898,0.003678,7.953112,18.949449,10.629904,46.270448,0.270680,1.402740,0.002640,8.277444,9.389881
114,0,0.021116,8.182838,0.050564,0.010241,8.225274,21.641517,5.642044,44.997915,0.171511,2.191129,0.002353,8.958290,10.696856
115,0,0.024868,7.937794,0.049698,0.011773,7.993685,18.400101,11.061174,47.891258,0.250801,1.737089,0.002664,9.760942,10.565006
116,0,0.017277,8.914565,0.089343,0.011134,8.975474,18.393171,4.654151,45.293010,0.167701,4.255123,0.003361,12.582105,16.986209
117,0,0.024411,9.667109,0.121919,0.052037,9.841065,17.919441,9.614733,46.632112,0.352617,3.609402,0.002253,8.770022,11.484786
118,0,0.024836,8.178712,0.610183,0.010224,8.226130,28.184754,13.935190,60.969123,0.261137,2.895890,0.002947,9.596950,12.735758
119,0,0.024767,8.032914,0.065495,0.010061,8.082519,17.320119,5.625187,45.471673,0.262526,1.973714,0.003434,14.016356,14.425526
120,0,0.018718,8.912381,0.048958,0.029949,8.953618,18.885185,8.734887,45.848836,0.237355,2.884160,0.002195,8.797123,9.941595
121,0,0.023951,10.839304,0.100041,0.009534,10.890507,26.269276,13.828843,62.109128,0.356996,6.670754,0.002897,9.976346,12.241838
122,0,0.027491,7.201583,0.053786,0.010947,7.246239,21.190743,8.120107,45.206992,0.262958,1.714433,0.002707,7.885302,8.912740
123,0,0.016151,7.745519,0.050325,0.010024,7.802605,18.688459,9.691169,46.152316,0.252007,2.246833,0.002629,9.240824,10.421573
124,0,0.024248,8.898829,0.068884,0.011394,8.970106,20.769204,1.624579,45.344512,0.270110,3.412829,0.002408,13.160028,16.823427
125,0,0.021843,8.917075,0.104934,0.009036,8.988651,16.284767,7.654075,46.794810,0.221744,4.238634,0.002554,13.380635,16.909734
126,0,0.035615,8.899628,0.086669,0.009080,8.961951,18.193892,9.762213,45.883925,0.317838,3.078266,0.002953,8.500386,9.825015
127,0,0.029922,8.292010,0.129614,0.003682,8.387574,20.226371,5.941661,45.875902,0.287138,2.268160,0.002554,10.799550,12.049282
128,0,0.027967,10.066375,0.865015,0.016869,10.112921,23.968503,0.569314,45.113734,0.293438,2.318313,0.002410,9.741360,10.347084
129,0,0.007296,11.407195,3.708175,0.031549,15.051370,28.741549,13.930504,76.622483,0.253858,6.222673,0.004677,21.674308,28.139161
130,0,0.039646,10.549962,0.051609,0.003272,10.598239,18.507792,2.589492,45.113153,0.434326,4.062037,0.003844,12.727308,14.925891
131,0,0.021134,10.218800,0.539635,0.007651,10.766086,23.433292,0.770469,46.174563,0.244797,4.533462,0.003112,10.691804,15.448920
132,0,0.010865,9.479547,0.275221,0.010862,9.528530,25.229123,13.191812,61.339412,0.329007,3.119295,0.002956,12.501206,15.952396
133,0,0.026525,7.787195,0.041445,0.010320,7.838607,19.380084,9.688103,45.662334,0.302843,1.066375,0.002565,8.256880,9.606135
134,0,0.022516,8.848693,0.279324,0.012997,8.881899,29.258593,16.692833,63.135590,0.249289,2.321259,0.002408,7.681091,10.161530
135,0,0.025544,7.657377,0.061971,0.012912,7.697678,19.429261,7.888516,45.516350,0.275284,2.188876,0.002398,9.948915,12.394980
136,0,0.022913,8.439137,0.068852,0.003846,8.479614,18.843357,8.740377,45.687979,0.318770,4.169273,0.002184,9.120501,13.568156
137,0,0.017800,8.986952,0.078881,0.003822,9.033442,20.560334,4.622732,46.091889,0.235104,3.777195,0.003401,11.240247,13.596258
138,0,0.023328,8.805519,0.069937,0.030963,8.876852,19.127593,5.644473,46.125872,0.308963,2.803148,0.003426,11.727374,14.836168
139,0,0.023599,7.553380,0.050410,0.010631,7.605960,24.092086,3.708030,45.852517,0.280443,2.007533,0.002762,9.881919,12.147684
140,0,0.019225,8.686145,0.255167,0.005664,8.738610,36.378210,3.568161,60.939827,0.314185,3.058407,0.003895,11.725200,14.995975
141,0,0.016903,8.778030,0.066136,0.003335,8.823006,17.840193,8.683386,46.228446,0.275893,3.273188,0.002516,10.307476,13.825147
142,0,0.026231,7.876647,0.129852,0.013309,7.933831,19.398527,9.588163,45.539726,0.274884,2.957879,0.002332,7.900370,9.523946
143,0,0.022827,9.685536,4.114667,0.005328,11.011911,24.340162,15.723097,61.866316,0.183739,2.949594,0.002755,11.669726,14.658407
144,0,0.027538,8.840933,0.047912,0.009462,8.883969,18.801252,9.655605,45.521669,0.271675,3.581419,0.002833,7.808058,11.614536
145,0,0.029000,8.690917,0.045906,0.007851,8.732574,19.075504,4.746866,46.123845,0.329974,1.545099,0.002602,13.109141,14.964915
146,0,0.019088,7.588113,0.049971,0.009207,7.640589,24.025713,2.401262,45.803063,0.185188,0.940168,0.002500,11.385912,11.639218
147,0,0.016718,17.457981,0.770741,0.011939,17.504019,21.396312,12.764508,60.928458,0.181220,12.800148,0.003788,8.666570,21.624810
148,0,0.027461,8.901676,0.047303,0.003921,8.949252,21.521077,5.915394,45.205960,0.374043,2.823267,0.002345,8.162266,11.336726
149,0,0.021936,9.963894,0.056825,0.002762,10.005468,28.408484,13.315129,61.275934,0.394233,2.071907,0.002491,9.011684,11.393852
150,0,0.035687,8.342102,0.119772,0.009867,8.401895,18.986402,8.057742,46.412915,0.409721,3.614387,0.002819,10.115653,11.303889
151,0,0.017262,8.939598,0.053861,0.003570,8.985322,19.594281,5.097929,45.265664,0.186657,1.391203,0.002821,11.122875,12.688254
152,0,0.016946,9.165331,0.065467,0.008395,9.216598,26.057941,2.095056,45.629122,0.234171,3.862485,0.002174,7.728812,10.815942
153,0,0.018092,8.673726,0.095117,0.008045,8.722179,18.458899,10.750623,46.248831,0.287917,1.652624,0.002778,7.906752,9.642931
154,0,0.021916,8.899650,0.195001,0.006614,8.970521,18.551610,7.627011,46.881229,0.335788,3.111966,0.002607,11.060787,14.407315
155,0,0.019708,8.734932,0.055540,0.003192,8.781340,28.912233,0.569206,45.841215,0.180891,2.583585,0.002530,7.292593,10.036552
156,0,0.006641,8.212302,0.047855,0.010926,8.262663,30.660771,14.657550,61.992699,0.258506,1.570085,0.002574,8.018602,9.849767
157,0,0.026031,7.819996,0.192407,0.010809,7.867773,20.802897,6.713148,45.706770,0.253980,1.009456,0.002776,9.888104,11.129376
158,0,0.025379,9.185306,0.095459,0.003604,9.276002,18.893196,7.217703,46.014443,0.275841,3.936035,0.002855,10.068299,14.274493
159,0,0.017622,7.725973,0.071636,0.007336,7.770113,21.867101,6.069903,45.995036,0.254807,1.104321,0.002539,9.880667,11.217205
160,0,0.018087,8.780814,0.058714,0.002982,8.832208,20.765031,6.796333,45.599634,0.265016,2.120627,0.002221,8.833910,10.414724
161,0,0.029022,8.818779,0.048502,0.013525,8.880210,18.774407,7.942103,46.353833,0.301379,2.017886,0.002979,10.181233,12.461896
162,0,0.017199,8.388560,0.067350,0.003589,8.439525,18.931349,8.955646,45.583810,0.264549,2.913423,0.003284,8.803445,11.967987
163,0,0.025946,8.207172,0.142857,0.012092,8.265443,19.667785,9.511877,46.178273,0.484866,1.693215,0.002108,7.852514,9.127957
164,0,0.025095,8.875734,0.147543,0.003870,8.930131,22.329427,3.642920,45.761852,0.184511,3.553879,0.002413,10.444217,13.630830
165,0,0.016555,8.328126,0.044641,0.010925,8.372005,18.574327,10.685739,46.035461,0.166758,4.404547,0.002075,8.132910,12.701342
166,0,0.022843,8.906398,0.171589,0.003354,9.018759,19.397385,7.187361,45.710313,0.250251,3.052634,0.002861,9.569798,12.783810
167,0,0.023772,9.528497,0.061356,0.009839,9.575227,22.494196,1.209476,45.318971,0.270231,2.903970,0.003375,11.636063,14.423361
168,0,0.010609,10.450337,0.885769,0.008921,10.494920,19.890303,5.330139,45.871796,0.376788,3.372625,0.002126,8.717269,12.468808
169,0,0.027368,8.537302,0.558597,0.128163,8.919542,24.717422,16.146043,61.827450,0.321503,2.016089,0.003402,11.599721,12.986593
170,0,0.024008,8.362078,0.047679,0.003120,8.410075,21.595452,4.727357,45.042393,0.275792,2.418792,0.003631,9.840616,12.516856
171,0,0.018699,8.363449,0.050586,0.003921,8.412883,17.966666,5.982890,46.118758,0.247030,1.041169,0.002872,13.089193,14.277070
172,0,0.016957,9.098711,0.302407,0.006114,9.404758,22.630384,6.231600,45.612078,0.282736,3.845459,0.001967,7.047365,11.147386
173,0,0.018725,9.067659,0.068574,0.008819,9.105465,23.262171,2.693533,46.395356,0.170229,3.202271,0.002396,10.371807,13.729385
174,0,0.012354,9.314124,0.079124,0.003685,9.389480,20.894522,6.782652,47.186291,0.162645,3.495450,0.002689,9.770092,12.897533
175,0,0.021717,9.586913,0.060340,0.010681,9.645903,26.638568,10.868697,61.266329,0.193546,3.990747,0.003443,13.188705,17.358156
176,0,0.028328,9.156596,0.545894,0.003068,9.705335,20.803211,2.711730,44.953767,0.391403,2.321690,0.002999,11.714973,14.416510
177,0,0.016351,10.241926,0.081215,0.007630,10.289831,20.090895,5.213487,45.928782,0.324262,3.540597,0.002714,9.778746,13.623480
178,0,0.026591,9.712259,0.214985,0.010065,9.803628,22.578529,5.373542,46.060302,0.183926,3.439902,0.002750,7.145547,10.746125
179,0,0.033174,10.997303,0.849640,0.005192,11.104660,28.810679,12.257137,62.130901,0.389018,4.835556,0.003345,9.102369,14.304555
180,0,0.023513,11.737696,0.446932,0.003475,11.793152,22.041558,1.002633,44.906832,0.260912,5.303316,0.002912,9.256453,14.807984
181,0,0.009984,14.184024,1.458595,0.003275,14.232563,19.610454,8.614934,61.773884,0.279119,7.844675,0.002731,18.783178,21.763255
182,0,0.021701,8.524562,0.059784,0.014992,8.592459,28.040660,10.711673,61.292142,0.166666,1.073512,0.003205,13.534559,14.573981
183,0,0.027220,8.028833,0.072361,0.009922,8.084376,29.072864,6.895638,60.995426,0.318591,1.235438,0.003525,16.436840,17.496245
184,0,0.033117,10.857125,0.116388,0.010569,10.944642,25.340106,6.670125,61.375296,0.373823,3.992304,0.003208,17.614781,21.963645
185,0,0.023434,8.126942,0.053179,0.004092,8.169872,24.311017,4.435533,46.154354,0.173283,1.957070,0.002739,8.813037,9.495356
186,0,0.026329,16.982809,0.052339,0.010228,17.030466,27.940744,1.592058,60.206360,0.456835,7.033388,0.002993,12.943028,20.414623
187,0,0.034325,9.054991,0.792883,0.007326,9.713089,20.640357,6.753682,45.777670,0.285452,2.734241,0.002513,8.664869,11.673340
188,0,0.027034,8.664869,0.135965,0.003265,8.709109,23.742888,2.768006,45.647191,0.277940,1.833646,0.002820,10.045406,12.147654
189,0,0.021926,15.491551,12.554900,0.008440,28.054891,20.243628,4.696328,61.481035,0.305408,9.682213,0.002104,20.370365,30.062708
190,0,0.024338,8.706484,0.047581,0.007153,8.756325,26.678860,13.124624,61.665478,0.328675,2.475543,0.003237,12.138436,13.608043
191,0,0.021523,8.138429,0.404886,0.131094,8.345130,20.021202,7.938019,45.982032,0.205633,1.696557,0.002623,9.015927,10.902655
192,0,0.021427,8.639719,0.043139,0.003699,8.681250,21.904339,7.669939,46.928773,0.178863,2.415375,0.002412,8.334178,10.909739
193,0,0.018981,9.265991,0.059433,0.008014,9.325808,21.775559,6.629409,45.497173,0.202269,2.684825,0.002575,7.151753,9.962907
194,0,0.019372,9.542172,0.079778,0.010826,9.599259,21.468327,5.725070,46.071438,0.269244,3.047745,0.002821,8.494382,11.803090
195,0,0.018551,15.142223,0.797156,0.012983,15.211863,21.910769,15.910424,62.167937,0.267909,8.501192,0.048695,8.275359,16.434944
196,0,0.026047,8.013129,0.043020,0.008127,8.051093,21.179890,5.964454,44.608712,0.175294,2.044686,0.002900,9.048834,10.375387
197,0,0.017507,9.138922,0.070248,0.007394,9.181495,20.312174,7.003523,46.134536,0.269522,2.822507,0.002629,8.832060,11.926718
198,0,0.025964,9.253239,0.047044,0.006494,9.302367,20.404034,5.950810,46.344738,0.261572,2.604055,0.002733,10.414247,12.930274
199,0,0.019978,9.403934,0.056401,0.007763,9.457595,23.695920,3.645005,45.603955,0.178729,3.546140,0.003069,8.390949,12.099844
200,0,0.022050,9.062613,0.046051,0.010048,9.107617,20.584323,7.125319,46.399643,0.178091,4.027202,0.003113,9.157877,13.351305
201,0,0.040514,9.279041,0.087495,0.003661,9.321338,24.577590,3.615429,45.608116,0.305145,4.279365,0.002506,7.597328,12.154721
202,0,0.017562,7.628647,0.561523,0.004427,8.174673,23.615610,6.648306,46.253696,0.272059,1.510017,0.002131,7.817661,9.486333
203,0,0.018832,9.365963,0.048759,0.069771,9.480005,22.134937,16.644584,61.627619,0.245135,5.436660,0.004981,13.007431,18.603785
204,0,0.024298,12.251589,0.833209,0.009167,12.327624,23.098662,16.101884,61.109401,0.171677,6.331220,0.002876,8.424235,14.905903
205,0,0.023942,8.910909,0.062308,0.003778,8.958035,26.752881,13.740037,59.865016,0.287366,2.348239,0.003293,10.018558,12.623975
206,0,0.026590,8.742883,0.063192,0.040171,8.808547,20.335732,3.599121,46.287557,0.386205,2.113513,0.002498,12.470132,14.921617
207,0,0.017565,9.238356,0.872427,0.006870,10.117653,25.708411,2.797603,45.870369,0.249500,4.373778,0.001946,7.452658,12.050830
208,0,0.015213,8.648359,0.063870,0.009399,8.696338,20.888397,6.096670,46.006567,0.171935,3.347700,0.002424,9.766331,13.280125
209,0,0.018884,10.114750,0.064609,0.003765,10.164429,26.461979,12.576710,61.010902,0.209142,2.085925,0.003790,11.481198,12.663972
210,0,0.024031,11.282449,0.289924,0.003766,11.362491,29.339064,13.745470,62.573771,0.393942,6.970212,0.002964,7.153716,14.493318
211,0,0.025611,8.700336,12.404522,0.035589,20.380883,19.454558,12.809053,60.997492,0.269536,2.600916,0.002804,19.541109,21.008984
212,0,0.018688,8.239128,0.066604,0.003323,8.281632,24.115945,4.994050,45.970695,0.271585,2.051545,0.002788,8.188751,9.236630
213,0,0.027380,9.379140,0.068871,0.011584,9.431204,22.523299,5.641837,45.487839,0.266503,3.457852,0.002575,7.441671,11.060776
214,0,0.016350,8.333351,0.045276,0.010735,8.373898,24.639843,1.148637,46.276743,0.243355,2.241096,0.003387,11.438518,12.949440
215,0,0.009810,7.480302,0.047295,0.008802,7.526106,24.366247,3.631679,45.840025,0.300806,1.567421,0.006766,9.892552,11.637165
216,0,0.014833,12.554922,0.148773,0.008585,12.604874,22.475887,16.031182,61.555996,0.175634,5.534489,0.004075,9.775870,14.452790
217,0,0.025654,9.877268,0.304154,0.003724,9.917832,21.430059,4.678368,45.541281,0.312235,3.710412,0.002598,8.758841,12.632531
218,0,0.014803,8.593835,0.137539,0.012607,8.743981,26.531555,0.562240,45.197869,0.236225,2.279539,0.002653,8.941245,10.996286
219,0,0.007425,7.105437,0.465791,0.004408,7.151419,23.229101,5.733993,46.804758,0.234241,0.986911,0.002500,9.798162,10.943031
220,0,0.021286,9.608527,0.158802,0.009040,9.652509,22.456057,13.835121,61.626707,0.171624,2.666325,0.002996,15.080345,17.908155
221,0,0.024955,8.755002,0.066094,0.004285,8.798813,26.675557,1.562543,45.372139,0.265304,2.888606,0.002611,7.833065,10.338045
222,0,0.012912,7.808278,0.249040,0.003408,7.859038,20.882582,8.792564,45.988087,0.456976,2.168380,0.002113,7.599379,10.212563
223,0,0.026134,8.767600,0.074974,0.003669,8.811121,21.281811,8.044907,46.388562,0.278388,4.019405,0.002806,7.793368,11.976692
224,0,0.015820,9.293600,0.467556,0.012293,9.343413,20.227739,2.160926,44.177723,0.172354,3.507094,0.002566,12.125055,15.798991
225,0,0.012182,11.205214,0.078781,0.007341,11.288523,22.685131,2.660684,45.835143,0.248043,5.454941,0.002691,8.590348,13.887689
226,0,0.015458,9.813252,0.197537,0.003574,9.886111,22.445428,4.639518,46.204415,0.181138,4.064206,0.002615,8.752321,12.833626
227,0,0.024111,9.710375,0.048868,0.003550,9.752644,22.267778,6.094805,46.467063,0.289377,3.966208,0.002400,7.960696,12.200306
228,0,0.020138,7.862894,0.043991,0.003994,7.909712,19.573831,8.692584,45.949793,0.184432,1.154880,0.001790,9.422933,10.632607
229,0,0.019766,8.569043,0.046772,0.004969,8.613314,22.024592,6.836366,45.670863,0.186228,2.602943,0.003087,7.828787,10.609878
230,0,0.028078,8.175586,0.235532,0.015878,8.344462,24.000242,6.003075,46.663240,0.389794,1.790157,0.002392,7.706648,9.483488
231,0,0.015882,9.621418,1.125512,0.005241,9.730116,21.222863,6.040013,46.380847,0.235610,4.066321,0.002291,8.952382,11.766975
232,0,0.030495,15.117933,5.285171,0.012114,15.180639,20.253608,12.199982,61.309853,0.553046,7.305613,0.002356,9.167469,16.253202
233,0,0.019993,11.805270,3.851263,0.010071,15.661043,21.167658,12.940347,61.379644,0.160243,5.570780,0.002799,15.064651,20.784681
234,0,0.019735,9.085723,0.071389,0.030462,9.160440,21.913514,5.701044,45.346569,0.248897,3.535168,0.002897,8.053905,11.823726
235,0,0.024921,8.972670,0.053506,0.003872,9.015045,24.227921,0.661410,45.651905,0.304498,2.050202,0.002279,11.266934,13.494604
236,0,0.008004,7.824836,0.043593,0.007125,7.868807,20.783328,8.794901,46.341361,0.171110,2.465239,0.003166,8.519618,11.156611
237,0,0.024587,7.194784,0.287637,0.003563,7.245599,21.626574,2.591344,45.747156,0.186058,1.800076,0.003486,13.863192,14.798686
238,0,0.027624,8.832686,0.234429,0.004001,9.040459,26.104051,16.076594,61.897658,0.195142,3.266265,0.003724,10.323427,13.603780
239,0,0.024250,8.336300,0.826542,0.004245,8.392495,21.088871,7.749827,45.616772,0.276152,2.407190,0.002553,7.966754,10.622489
240,0,0.025452,8.303943,0.075037,0.008591,8.381861,27.062218,3.121155,46.045189,0.255145,2.357772,0.002502,7.021879,9.616139
241,0,0.013807,9.128316,0.158845,0.012009,9.203904,31.063404,13.047861,61.562102,0.245307,4.218799,0.002307,7.719610,12.166572
242,0,0.023276,7.339607,0.043812,0.003320,7.382108,29.191010,13.834071,60.933068,0.263187,0.859557,0.002750,10.143128,10.500290
243,0,0.024662,8.633358,0.054760,0.009589,8.689719,23.103617,16.572959,60.633337,0.253873,2.713014,0.003211,11.491876,14.444562
244,0,0.044799,15.761745,0.195457,0.010534,15.808149,22.012671,13.669477,61.196110,0.374139,10.776689,0.002388,8.781288,19.857734
245,0,0.024860,8.780420,0.112413,0.003488,8.835260,26.212821,1.554421,45.397137,0.276507,3.687912,0.002530,8.286892,10.173418
246,0,0.011666,8.115454,0.208026,0.013221,8.172159,29.202663,14.747041,61.943973,0.239021,2.351038,0.003072,9.103609,11.234638
247,0,0.023367,8.183611,0.050196,0.003510,8.227036,28.088941,16.028470,60.958263,0.248364,2.185348,0.002742,8.124543,10.531347
248,0,0.041144,8.856887,0.657279,0.011222,9.517530,24.696178,4.218609,46.830749,0.321171,2.539664,0.002535,8.093797,10.171674
249,0,0.019150,15.831467,0.117890,0.005474,15.876957,22.204438,14.227792,61.202651,0.169897,9.288377,0.002541,8.504363,15.804821
250,0,0.023438,7.936239,0.066156,0.003296,8.005691,26.357811,16.301749,61.429115,0.176544,2.264144,0.002834,10.182403,11.920488
251,0,0.026221,9.476001,0.063888,0.010082,9.542930,30.775652,13.108505,61.637927,0.258782,3.508449,0.002900,7.778460,11.528913
252,0,0.024970,8.036650,0.050348,0.003326,8.081775,23.607736,5.676034,44.862915,0.264231,2.169608,0.002405,7.116400,9.529440
253,0,0.021764,17.663153,3.146491,0.005709,17.707072,20.988177,10.683812,62.194684,0.174683,9.811692,0.002438,12.298000,22.266626
254,0,0.020001,9.105511,0.071163,0.002979,9.179054,24.406652,3.654449,45.314949,0.182957,2.339749,0.002343,7.781647,9.980699
255,0,0.021407,8.706802,0.049659,0.003920,8.754267,26.309033,1.565875,45.757851,0.261113,3.052990,0.003605,8.620594,11.926405
256,0,0.015701,8.684633,0.069320,0.012149,8.734076,29.512381,15.247809,61.971618,0.232461,2.322488,0.003064,7.939441,10.471280
257,0,0.031559,8.530933,0.073221,0.003222,8.578679,22.110537,1.083554,45.017583,0.348662,2.353434,0.002710,12.641130,14.194886
258,0,0.014687,8.544381,0.389142,0.003609,8.732317,27.221177,3.159639,46.672469,0.179910,2.388811,0.002819,7.298367,8.711617
259,0,0.018681,7.851345,0.051833,0.004254,7.898373,31.862617,11.847251,60.838591,0.254885,1.545863,0.003284,8.776729,10.565841
260,0,0.023074,14.873412,1.098239,0.011963,14.927766,26.415620,10.699656,60.810905,0.184135,8.626019,0.002512,8.302530,13.232850
261,0,0.020769,8.001271,0.051948,0.010754,8.055622,32.259086,11.708636,60.954641,0.170687,3.168994,0.003061,8.541223,11.878328
262,0,0.020682,9.865034,0.273188,0.004688,10.022639,25.634425,15.680254,61.767376,0.313636,4.204408,0.002457,9.680926,14.044770
263,0,0.025676,8.630967,0.046897,0.008717,8.678585,24.154803,15.357682,60.867824,0.339087,3.728807,0.002597,11.879405,15.544467
264,0,0.026778,8.173442,0.061096,0.006001,8.236142,22.197726,6.752805,45.790877,0.309751,1.918297,0.002525,8.090290,8.716723
265,0,0.023259,8.549399,0.175837,0.004876,8.601213,27.846519,2.442848,46.386656,0.235521,2.975358,0.002554,6.869936,9.779301
266,0,0.012695,17.077940,5.749138,0.053459,17.130228,41.338472,4.732852,77.270307,0.344462,9.515876,0.002534,13.234184,20.805728
267,0,0.016281,10.499860,4.467335,0.007481,12.608247,28.100892,8.660970,60.978201,0.170932,5.259911,0.003072,13.217409,13.561022
268,0,0.024442,7.707341,0.053125,0.007924,7.762291,49.720654,8.773872,77.029377,0.170886,2.722576,0.003508,10.394799,13.274008
269,0,0.018615,7.991087,0.126204,0.003960,8.060898,24.425718,15.944323,61.596635,0.365113,1.889913,0.003041,12.500568,14.739180
270,0,0.032466,13.376641,0.108676,0.008703,13.419335,27.316960,6.714493,60.212455,0.290126,6.748143,0.002333,12.185347,14.534916
271,0,0.016461,10.793450,3.218557,0.007122,10.850902,22.084236,1.712754,46.198370,0.320936,6.339877,0.002487,11.106774,17.744559
272,0,0.017507,8.523338,0.050440,0.010105,8.575221,29.679255,11.751376,61.513967,0.303826,2.474391,0.002812,10.975722,13.742988
273,0,0.019014,8.359940,0.083665,0.003406,8.421618,32.691873,5.667571,60.501477,0.302118,2.037913,0.003688,13.237586,15.437853
274,0,0.024233,7.905259,0.061622,0.003801,7.966949,31.012937,12.666960,61.519284,0.284358,2.777677,0.002929,9.365416,9.749824
275,0,0.022192,8.265555,0.050717,0.011143,8.311680,37.095522,6.651800,61.577841,0.286317,2.144115,0.002772,9.017826,11.108692
276,0,0.027904,8.818396,0.046881,0.007813,8.861063,39.554853,2.606062,59.729045,0.300000,3.293092,0.002219,8.223811,11.693356
277,0,0.010670,9.292888,0.050766,0.003776,9.347430,24.455211,16.666724,62.334492,0.247944,1.315418,0.003563,11.469495,12.941948
278,0,0.022504,8.495524,0.264899,0.003116,8.540277,27.334616,1.930982,45.222031,0.237554,1.695547,0.002392,6.886588,8.802269
279,0,0.011835,8.585045,0.149181,0.014405,8.648556,24.205485,14.605118,61.258561,0.228819,1.248929,0.002581,13.011324,14.467174
280,0,0.025253,9.457756,0.059852,0.010143,9.512607,23.165484,15.341234,62.001841,0.321073,2.443126,0.002526,13.380318,15.399215
281,0,0.024016,6.967655,0.046589,0.003280,7.014809,29.089046,14.125926,61.527807,0.200793,0.630235,0.002306,10.936343,11.283435
282,0,0.029880,8.618883,0.071763,0.004207,8.669496,24.825745,2.537909,45.604298,0.369028,2.923840,0.002655,9.120805,10.691224
283,0,0.014654,8.172186,0.149840,0.003749,8.230129,23.453752,3.219149,45.480924,0.163781,3.332141,0.002996,10.113780,13.599271
284,0,0.023055,10.482927,0.076437,0.014147,10.555532,34.163017,4.660613,61.623493,0.307175,3.707202,0.002586,10.952316,14.009419
285,0,0.014195,8.754743,1.559832,0.010826,10.278196,23.789822,1.226124,46.423823,0.168739,2.299934,0.003185,11.706285,12.444583
286,0,0.007810,15.896918,2.980874,0.008099,18.885891,37.432681,9.724161,76.520008,0.236729,8.860190,0.002655,12.843095,21.746094
287,0,0.026144,8.588912,1.126321,0.012676,9.718169,23.274647,4.319455,45.294126,0.251868,3.174647,0.003615,8.455296,11.865579
288,0,0.019495,10.631228,0.116441,0.010497,10.672864,36.887536,3.958707,61.776470,0.241794,5.532932,0.002575,9.620379,15.313967
289,0,0.016297,8.882156,0.060179,0.009953,8.925090,25.905019,0.574520,44.989411,0.266905,3.412253,0.008782,8.952776,12.515278
290,0,0.007559,9.192798,0.211040,0.004195,9.249182,50.058182,11.741878,77.923262,0.192286,3.917887,0.002726,6.506503,10.594970
291,0,0.020505,7.488991,0.089204,0.004926,7.583121,25.927356,2.545060,45.001483,0.266508,0.889896,0.003693,8.282634,8.858693
292,0,0.013796,8.009993,0.149274,0.006356,8.148076,22.285340,1.588108,46.240544,0.215758,1.806177,0.022581,13.683205,15.700502
293,0,0.014869,9.433028,0.132409,0.018859,9.584296,29.488404,11.692311,60.042637,0.254671,3.327471,0.002503,8.682290,12.256445
294,0,0.020628,16.005547,3.770074,0.025419,19.801040,24.006621,1.961595,60.803987,0.263767,8.557887,0.002406,14.531866,22.170036
295,0,0.019710,10.695288,0.870970,0.012476,10.741994,30.337629,9.751970,62.088942,0.338824,3.959409,0.003021,9.699328,13.989597
296,0,0.031968,9.941989,3.678461,0.020392,9.986795,24.328036,13.765290,61.419198,0.355284,3.936888,0.002529,12.772987,13.246978
297,0,0.021880,8.192929,0.045213,0.008408,8.239978,33.048279,7.661450,60.567955,0.303578,1.838080,0.002521,10.976455,13.098234
298,0,0.021496,8.365618,0.049201,0.007878,8.412123,27.314775,2.693203,46.932177,0.184982,1.899054,0.002574,8.208707,10.075147
299,0,0.013193,8.497634,0.453372,0.009523,8.545364,24.382684,2.785980,45.414104,0.161617,2.757128,0.001887,8.789599,11.030290
300,0,0.013895,9.139411,0.080309,0.011452,9.187985,30.225209,14.852464,62.379073,0.222574,3.113304,0.002402,7.592958,10.877410
301,0,0.043271,9.176077,0.098704,0.011291,9.259980,29.037381,10.460231,61.028691,0.387914,2.800611,0.001963,11.313167,14.096922
302,0,0.076027,10.053711,0.422107,0.004065,10.272605,42.006045,15.026290,76.485820,0.409776,2.940843,0.002629,8.587424,10.004573
303,0,0.026240,9.074664,0.040753,0.003093,9.117645,33.804568,8.414233,60.803874,0.304531,2.859158,0.003007,8.954432,11.131423
304,0,0.023471,16.916190,0.143648,0.009924,16.969712,25.112640,7.726412,61.420656,0.281383,10.631266,0.002324,11.001129,17.463220
305,0,0.028279,15.089493,5.551885,0.038961,20.680339,23.032350,6.591464,60.626540,0.342281,8.500542,0.002277,11.345506,19.936390
306,0,0.019533,14.007601,2.203286,0.003608,14.053243,24.570104,12.284001,61.893589,0.173767,6.757015,0.005113,8.431424,15.249335
307,0,0.019565,11.805942,2.300353,0.020683,11.897614,25.011438,10.923871,60.877639,0.236259,5.781565,0.002904,12.315604,17.394578
308,0,0.017969,9.762580,1.162663,0.022091,9.823323,29.091456,13.642293,61.788841,0.245047,2.291040,0.002789,8.686931,10.931159
309,0,0.025272,7.498323,0.048717,0.009137,7.546272,24.602355,1.618632,44.520020,0.167191,1.148679,0.002845,10.160376,10.955437
310,0,0.014157,7.922987,0.050073,0.003570,7.966999,31.899912,7.657759,60.987098,0.262765,1.798958,0.003292,12.925978,13.923209
311,0,0.022928,8.963284,0.148620,0.004631,9.069276,30.504638,10.654854,61.419434,0.253311,5.326174,0.002932,8.817879,14.313380
312,0,0.022039,8.585914,0.071932,0.011343,8.660645,29.172693,14.610994,62.082722,0.178360,2.414963,0.002440,8.995855,11.153970
313,0,0.024433,7.183403,0.053111,0.004639,7.234988,46.787995,13.090848,75.953982,0.280708,2.122350,0.002120,8.027141,10.408858
314,0,0.019572,8.116560,0.084919,0.003642,8.151385,34.999323,10.011042,61.861797,0.294062,3.155500,0.002843,8.107914,11.539668
315,0,0.019844,7.984651,0.163961,0.011360,8.041608,28.053061,14.897723,62.019947,0.177818,1.732759,0.002779,10.375991,10.948677
316,0,0.036112,7.808616,0.062579,0.009707,7.873802,24.935656,1.414795,45.032785,0.314830,2.802771,0.002479,10.288509,13.327709
317,0,0.008781,8.552769,0.053558,0.003777,8.606528,30.121500,13.781214,62.055816,0.306484,3.156014,0.002310,8.641213,11.970054
318,0,0.022549,7.648829,0.048293,0.009267,7.690522,27.960027,13.869890,61.270023,0.174222,1.596944,0.002980,11.212350,12.968852
319,0,0.071817,7.895070,0.056133,0.011166,7.945749,28.488091,14.721897,60.882974,0.456368,2.605594,0.002460,8.766606,11.635347
320,0,0.024739,7.086222,0.126339,0.003047,7.160422,26.682932,15.804042,60.984887,0.204862,1.717271,0.002675,10.981356,11.885475
321,0,0.025027,8.078389,0.050844,0.007448,8.128942,27.645847,14.686189,61.171946,0.172346,1.884730,0.004704,10.301231,12.031638
322,0,0.021249,9.866232,0.060000,0.012522,9.921206,23.712814,15.811351,62.183352,0.172026,5.070004,0.002581,12.364694,17.588352
323,0,0.032946,14.228819,2.347224,0.006108,14.275190,34.846774,16.684689,76.456533,0.295614,7.361235,0.003861,10.104920,17.754703
324,0,0.025840,8.391949,0.074872,0.003757,8.433474,40.066123,1.742618,60.187443,0.252324,2.899585,0.002709,9.486850,11.626962
325,0,0.015581,8.034831,0.054110,0.003422,8.084640,36.189371,6.635510,60.593549,0.304333,1.717678,0.003083,9.279309,11.294028
326,0,0.024966,8.413326,0.121648,0.220767,8.689365,31.939091,6.696233,60.519267,0.304564,1.723259,0.003252,12.805891,13.666726
327,0,0.027526,8.618974,0.056971,0.008651,8.662466,45.164899,10.605650,76.779209,0.333614,2.762702,0.002403,11.238877,12.757616
328,0,0.021392,8.747642,0.058554,0.003206,8.808771,32.902272,12.016916,61.434111,0.184535,2.907171,0.002465,7.426572,10.502553
329,0,0.021181,8.660294,0.136685,0.011512,8.805664,27.995485,16.181891,62.672109,0.318132,1.479805,0.002483,9.151627,10.822521
330,0,0.023820,7.692509,0.080861,0.003520,7.776044,25.789903,0.628828,44.628745,0.267788,2.092829,0.002689,10.000061,11.220833
331,0,0.009238,8.045100,0.066538,0.011937,8.095976,25.807064,4.170198,46.442886,0.222135,1.733297,0.002350,8.011078,9.960845
332,0,0.016095,8.164704,0.119185,0.018272,8.211910,49.012662,8.529108,77.347565,0.236720,3.083232,0.001887,11.031672,13.053986
333,0,0.014991,7.915812,0.048619,0.003892,7.960998,28.720358,12.715608,60.640771,0.245373,0.852015,0.002657,10.660483,11.623682
334,0,0.021131,9.071273,0.067430,0.007410,9.112420,37.267108,4.736813,60.940670,0.455908,3.340500,0.003426,9.075112,10.790340
335,0,0.015931,9.619376,0.056765,0.003651,9.659774,28.687518,13.715436,61.521833,0.168991,3.666632,0.002526,9.040715,11.164978
336,0,0.021913,8.177258,0.048901,0.003184,8.228220,31.690358,9.972797,61.680055,0.179952,1.603005,0.002641,11.420581,11.749926
337,0,0.023159,7.160847,0.058915,0.003229,7.222629,29.748066,14.763892,61.447537,0.324036,1.355481,0.002241,9.217165,9.619444
338,0,0.027067,7.420522,0.049224,0.010455,7.473098,28.092990,14.811652,60.571294,0.542904,0.945364,0.003239,9.417593,10.110427
339,0,0.034270,7.856951,0.058421,0.008308,7.903016,32.264841,13.711378,61.406050,0.336516,1.833909,0.002361,7.008419,8.336620
340,0,0.026599,7.962823,0.046918,0.006214,8.010134,30.768938,9.078884,60.224128,0.272594,2.488988,0.002598,11.923048,14.307523
341,0,0.024714,9.031115,3.067667,0.024144,9.518435,27.105667,10.811303,60.939799,0.247012,3.399363,0.002621,13.310427,14.400719
342,0,0.017589,8.554245,0.058790,0.013648,8.615695,27.321831,16.924799,62.150812,0.171088,1.831294,0.002772,8.867851,10.857768
343,0,0.019894,8.027496,0.046056,0.003145,8.076158,29.837099,14.670238,60.605224,0.206899,2.374987,0.002456,7.725163,10.272787
344,0,0.026998,9.662419,0.496161,0.004086,9.797223,34.976710,13.994022,76.406262,0.385366,4.022968,0.003436,17.023815,20.086969
345,0,0.052581,7.850999,0.088591,0.011429,7.920645,33.537831,12.052226,62.793721,0.381322,1.423338,0.002041,8.759503,9.159528
346,0,0.021084,8.039859,0.120760,0.007801,8.082488,30.673851,12.867408,60.836183,0.175688,2.646261,0.002252,8.797916,11.603107
347,0,0.024574,7.999523,0.557400,0.017345,8.325036,26.872290,1.645344,45.686190,0.274934,1.585714,0.003771,8.121394,8.746254
348,0,0.009628,7.826870,0.048931,0.003908,7.878882,27.299322,16.193821,61.398274,0.172020,3.028167,0.002374,9.388726,10.683466
349,0,0.024381,9.067823,0.369615,0.281559,9.392938,31.178615,10.006038,60.994213,0.263942,2.510515,0.002238,9.545916,11.667856
350,0,0.022801,8.184958,0.092990,0.012965,8.239776,25.885018,2.678358,45.694920,0.286508,3.345066,0.002556,8.037636,8.779215
351,0,0.020411,8.839542,0.075788,0.008938,8.891570,31.267641,11.689687,62.011431,0.318614,2.073801,0.003620,9.452068,11.825119
352,0,0.023366,10.787906,0.056339,0.003504,10.846834,28.394393,10.096761,60.745491,0.260461,3.408960,0.003084,10.996136,14.650411
353,0,0.023268,8.762064,0.051376,0.009400,8.809470,30.411985,9.819117,60.841546,0.309321,2.751149,0.002624,11.151340,13.033407
354,0,0.033391,8.582606,0.069354,0.008143,8.624749,32.100592,10.253126,61.974604,0.211896,2.149158,0.003017,10.474600,12.342948
355,0,0.019140,8.032726,0.286397,0.003552,8.322196,27.291440,14.690497,61.005245,0.170981,1.689791,0.002244,10.657978,12.501595
356,0,0.024034,7.895353,0.055344,0.009024,7.937165,42.730167,14.971831,75.325595,0.252995,1.474487,0.002519,9.274609,10.981872
357,0,0.029948,9.619287,0.050170,0.004428,9.669162,33.443235,7.810808,60.848165,0.410205,3.980001,0.002467,9.071953,13.435544
358,0,0.024769,8.933622,0.069845,0.008046,8.991062,49.099392,8.089733,77.219554,0.295446,3.154224,0.003340,9.933378,12.993767
359,0,0.030683,8.041451,0.084186,0.003907,8.085854,30.200691,12.718812,61.382211,0.172774,1.668670,0.003385,10.066106,11.884475
360,0,0.023071,8.393698,0.133113,0.003572,8.440928,29.022609,11.762003,61.141923,0.257027,3.859791,0.003626,9.919749,13.596429
361,0,0.019970,8.317713,0.108721,0.004512,8.388585,27.045869,1.691287,46.468958,0.173799,2.396832,0.002745,8.792873,11.350061
362,0,0.010442,7.560176,0.512136,0.009995,7.605463,52.278875,8.291607,76.676824,0.165775,1.885953,0.002613,8.037994,10.089979
363,0,0.026877,7.885270,0.050682,0.004085,7.934767,53.782737,5.144911,76.448712,0.262756,1.982695,0.002354,9.059615,11.286436
364,0,0.020845,8.285956,0.044679,0.007522,8.332582,28.343713,13.975590,61.766060,0.273611,1.875485,0.002698,10.654880,12.791537
365,0,0.017242,9.865025,0.101232,0.003498,9.955624,47.654139,8.652613,76.077315,0.277172,3.451011,0.003807,9.313845,13.021257
366,0,0.018054,9.318785,0.585489,0.010356,9.376901,35.960786,3.335487,61.303334,0.251490,3.789367,0.002783,11.214749,14.792610
367,0,0.017262,8.129934,0.077020,0.008791,8.192895,33.380580,8.576207,60.751361,0.300697,2.708318,0.002266,9.976715,12.163991
368,0,0.021596,9.762869,0.101570,0.004214,9.819891,32.666361,10.097196,61.488016,0.248634,4.368922,0.002649,8.328298,12.889455
369,0,0.028179,9.570829,0.085931,0.009970,9.620667,32.311961,8.736633,61.209802,0.393193,3.292231,0.002664,9.908448,13.558865
370,0,0.023013,8.461824,0.052430,0.047714,8.506673,40.559275,0.954369,60.791123,0.174377,2.831827,0.002518,10.165405,13.158145
371,0,0.007771,9.642726,0.084432,0.011180,9.727117,29.748942,6.052411,60.307642,0.372214,2.525748,0.003023,14.160116,16.239973
372,0,0.016297,9.004239,0.068888,0.010795,9.048596,29.073673,9.812249,61.592229,0.336451,2.813402,0.003179,13.135683,16.265843
373,0,0.026277,8.323546,0.053193,0.007702,8.369837,35.957553,7.139042,60.782049,0.293557,1.864447,0.002285,8.819325,10.955251
374,0,0.023347,9.123540,0.197914,0.003286,9.324350,30.179088,12.253487,61.660056,0.252211,2.918956,0.002295,9.020853,12.176526
375,0,0.025564,8.985997,0.066550,0.003555,9.055338,30.658439,12.069819,61.094911,0.270955,3.434876,0.002740,8.897400,12.572121
376,0,0.021350,9.478721,0.050277,0.009759,9.528241,30.620388,12.826302,62.653766,0.179261,3.107167,0.003401,9.065092,12.349322
377,0,0.021598,8.857003,0.117985,0.007274,8.903993,39.527743,2.873868,61.099813,0.288990,2.615103,0.002631,9.401850,11.254898
378,0,0.015983,19.011287,0.408833,0.008616,19.156394,30.138040,9.695996,76.555888,0.287300,8.312325,0.003793,12.498604,18.363453
379,0,0.023408,16.548299,5.355467,0.007629,16.722400,31.649516,12.648523,76.776027,0.273783,11.006033,0.002171,10.952073,21.406138
380,0,0.020691,8.287381,0.054416,0.004305,8.345264,30.459084,12.404132,61.535683,0.357431,3.137715,0.003042,9.797444,13.109124
381,0,0.025327,9.129780,0.050417,0.012221,9.192418,32.412730,10.124596,60.202717,0.369346,1.423128,0.002829,7.513307,9.274239
382,0,0.029512,9.583886,0.240078,0.016806,9.643327,30.271810,8.258378,61.880182,0.381249,3.212687,0.002855,12.897924,16.478198
383,0,0.022903,7.386680,0.052745,0.003948,7.439085,42.488226,7.707693,75.692851,0.282115,1.451546,0.003580,17.327184,17.865773
384,0,0.033526,8.469387,0.074097,0.009912,8.520818,28.972325,15.051005,62.352551,0.398332,2.802713,0.002861,9.216390,9.725323
385,0,0.023123,11.635061,3.707429,0.023636,15.366126,36.953130,12.690278,74.681849,0.171311,5.304997,0.002849,12.914091,18.368929
386,0,0.029360,9.660334,0.052653,0.003086,9.716073,32.386299,12.254546,61.893673,0.343546,2.907048,0.002366,6.988016,10.210873
387,0,0.022075,10.489924,4.070157,0.008587,12.325619,27.882738,9.074897,60.697872,0.293805,4.387225,0.002559,12.636451,13.082530
388,0,0.023894,9.557908,0.075218,0.010254,9.612763,32.246616,9.128007,61.244618,0.177460,3.395518,0.008174,9.833255,13.386288
389,0,0.020140,8.245419,0.052091,0.005004,8.298923,34.915753,4.666795,61.085911,0.252312,2.725749,0.003481,12.633258,13.640995
390,0,0.026417,9.425822,0.059325,0.003394,9.475351,30.553957,12.653163,62.284974,0.295909,2.826136,0.004926,9.064912,12.174375
391,0,0.023210,8.800162,0.505639,0.008645,8.860648,32.850089,9.012843,61.518013,0.292752,4.368291,0.002750,9.742296,14.386935
392,0,0.027425,8.771429,0.052856,0.003604,8.821108,29.069921,13.622469,61.084106,0.300626,2.593266,0.002748,8.940150,11.809858
393,0,0.022157,11.255652,0.079892,0.008641,11.319996,31.788972,8.685901,61.424768,0.287267,5.493123,0.003304,8.603686,14.364765
394,0,0.022760,9.816531,0.144152,0.011449,9.965385,53.801598,3.817620,76.234396,0.267848,3.781215,0.003169,8.197572,11.425396
395,0,0.018543,9.675263,0.055288,0.005422,9.722750,30.706035,11.683943,61.238967,0.257982,4.058125,0.002387,8.731166,12.317567
396,0,0.023454,8.263338,0.087455,0.013248,8.341857,34.606993,8.271112,61.417514,0.193714,2.499388,0.002518,9.667216,12.028519
397,0,0.023942,7.893695,0.119596,0.006301,7.941580,35.104403,7.680966,61.040053,0.258705,2.304102,0.003323,9.624831,10.944776
398,0,0.021548,10.767926,0.362475,0.003373,11.132450,31.376631,6.755143,61.159928,0.248269,4.645214,0.003772,11.508438,15.145718
399,0,0.021438,8.620294,0.193739,0.010236,8.818000,31.764854,13.879823,61.860810,0.274380,2.739861,0.002424,6.781796,9.759345
400,0,0.019758,8.211436,0.049649,0.004395,8.254744,35.153764,7.090402,60.621754,0.259226,2.063745,0.003080,9.681612,11.983060
401,0,0.019075,7.488166,0.493101,0.003686,7.822723,32.843503,11.626968,60.423524,0.164619,0.733891,0.002996,8.127231,9.011669
402,0,0.020910,8.772241,0.121238,0.011160,8.896312,33.883717,6.000137,60.662655,0.306329,4.015430,0.004000,11.243360,12.977708
403,0,0.026930,7.960423,0.182861,0.003458,8.005386,39.675816,2.674047,61.064980,0.256120,1.596591,0.002768,10.067067,11.011356
404,0,0.013985,9.562947,0.230861,0.012450,9.619967,37.064891,3.904951,61.397688,0.284096,4.487439,0.002171,10.011717,12.961718
405,0,0.015786,8.792660,0.051652,0.003878,8.835515,43.654309,16.724271,77.643107,0.195537,2.981055,0.002795,7.844429,11.010775
406,0,0.026397,8.688618,0.071173,0.007998,8.739124,35.794991,7.271002,60.679855,0.190266,3.509166,0.002605,8.548840,12.223019
407,0,0.018178,9.859975,0.136326,0.014338,9.907975,34.213108,4.189349,61.391252,0.249872,2.840332,0.002595,12.389766,15.458785
408,0,0.019208,8.913884,0.049202,0.009477,8.962215,30.369939,8.771695,61.898401,0.176656,4.138286,0.002482,13.223142,17.533678
409,0,0.026875,9.023928,0.116296,0.008316,9.105453,53.074384,4.122051,76.068874,0.330100,1.613130,0.002562,8.707945,9.833458
410,0,0.016213,10.858975,0.060520,0.004170,10.898708,40.683235,13.785861,76.134704,0.255573,5.038629,0.004689,10.254870,12.925053
411,0,0.020821,8.680804,0.447925,0.005456,9.134185,33.353301,7.877981,60.666951,0.261617,2.243980,0.003270,10.157234,12.649503
412,0,0.020685,9.868340,0.059184,0.003055,9.930482,32.258666,11.882249,62.196091,0.267073,4.203661,0.001935,7.580215,12.017052
413,0,0.044990,13.670403,0.170121,0.009853,13.734372,35.867846,14.324987,76.320018,0.625729,4.617373,0.002292,11.216648,14.917773
414,0,0.032537,8.916842,0.390786,0.003416,8.968322,34.223624,13.212021,76.596013,0.431481,1.783939,0.002560,19.175512,21.373413
415,0,0.023087,8.819191,0.310309,0.004091,9.131301,51.360679,2.204103,74.059194,0.307112,1.422684,0.003341,10.890620,12.595557
416,0,0.009332,11.149076,0.101061,0.003884,11.211358,34.613332,7.665712,61.908502,0.173632,5.255000,0.002962,8.113526,13.535000
417,0,0.024273,10.031179,0.600649,0.010729,10.090470,31.772985,4.758840,60.638017,0.253955,2.820062,0.003576,11.983232,15.028801
418,0,0.019573,8.551620,0.070819,0.011096,8.605855,55.853656,3.156084,76.863738,0.252500,1.485891,0.002724,8.588853,9.955835
419,0,0.016797,9.304079,0.061318,0.003777,9.360888,37.543524,5.273905,61.333604,0.272483,4.096232,0.003455,8.696975,12.872696
420,0,0.019937,9.658960,0.291223,0.009416,9.725430,40.572105,10.872744,76.651104,0.255119,4.151881,0.002365,14.676030,18.996831
421,0,0.022313,7.962035,0.051759,0.005933,8.010876,42.749679,12.255511,76.619735,0.179556,1.010379,0.003138,13.089131,14.261181
422,0,0.033719,8.903138,0.198020,0.011875,9.106182,42.536251,15.886335,76.983053,0.387503,2.866188,0.002212,8.732677,9.347559
423,0,0.034258,9.826658,0.071886,0.007895,9.893350,31.580479,6.764595,60.702178,0.437429,4.630499,0.003789,11.518580,12.417924
424,0,0.015849,8.025278,0.050517,0.003515,8.071466,31.041038,9.568587,61.484786,0.275216,1.351354,0.002657,12.362393,13.900575
425,0,0.026739,7.776847,0.077157,0.003545,7.822541,31.503830,10.037993,60.692992,0.387143,1.469076,0.002659,10.679028,12.513029
426,0,0.031527,9.323122,0.070276,0.016279,9.384284,38.859783,14.098953,76.165214,0.444526,2.349049,0.003744,13.132940,15.757762
427,0,0.024169,8.029214,0.108979,0.003736,8.078710,36.248120,5.739239,61.141743,0.259728,1.914098,0.002663,10.222212,11.790331
428,0,0.022612,8.540227,0.389295,0.010624,8.603280,32.363831,6.708695,60.947365,0.192957,2.319539,0.002865,11.796113,14.297237
429,0,0.018451,8.453279,0.274061,0.012574,8.518127,34.387028,9.847368,60.811439,0.184545,1.110537,0.002362,7.607478,7.960010
430,0,0.021031,7.761026,0.082133,0.012035,7.805058,32.808875,10.192846,60.644751,0.437977,1.889137,0.002882,9.132994,10.759646
431,0,0.017497,8.213884,0.054896,0.006262,8.267710,33.546896,6.796561,60.640502,0.178902,1.076784,0.002288,11.684038,12.433140
432,0,0.026167,8.868394,0.055175,0.009996,8.917971,32.490591,10.108972,62.054296,0.305017,3.099312,0.003969,10.026196,13.241163
433,0,0.015974,8.487392,0.045432,0.003942,8.532902,48.603410,9.722718,75.910861,0.260436,2.611237,0.002221,8.568903,11.334026
434,0,0.021633,8.894919,0.048997,0.007887,8.948052,36.472516,6.709741,61.898176,0.262296,3.172872,0.003713,8.764477,10.306606
435,0,0.018272,9.825995,0.059636,0.010960,9.869374,34.806814,2.061251,60.842954,0.298763,2.483396,0.002259,13.578417,16.316888
436,0,0.012120,7.318823,0.624873,0.003961,7.376151,32.916078,8.162211,61.303938,0.291887,1.473106,0.003122,12.386402,13.040281
437,0,0.047909,7.895170,0.046699,0.003182,7.944441,41.859139,1.699621,61.428052,0.241241,1.212023,0.002820,9.559353,10.977825
438,0,0.014977,7.699240,0.342084,0.003723,7.773994,32.698068,11.080900,60.908037,0.161826,1.852602,0.002557,8.914798,9.280290
439,0,0.022318,8.907085,0.240868,0.012013,9.045268,36.769787,5.767702,60.705092,0.321176,2.837948,0.003045,8.608678,11.603182
440,0,0.019557,9.524269,0.063994,0.011909,9.565403,39.258617,2.885197,61.970493,0.239307,3.164520,0.002418,9.646629,10.187790
441,0,0.018881,9.553474,5.386293,0.009347,14.946351,37.533755,13.798126,75.966870,0.273495,3.101871,0.002476,14.246547,17.615852
442,0,0.030349,9.334154,1.598487,0.004086,9.396193,44.412328,12.967227,77.095489,0.377830,3.575617,0.002754,8.128431,12.051386
443,0,0.021918,8.573913,0.052709,0.003468,8.628107,36.030744,6.985713,60.747965,0.253303,2.946558,0.002673,8.451843,10.990038
444,0,0.024253,8.112316,0.051114,0.008508,8.163608,47.249471,11.284132,75.011465,0.270219,2.614563,0.003042,7.782439,10.564027
445,0,0.022662,11.473054,2.535744,0.008133,12.292758,46.366022,5.405015,76.169407,0.294905,4.298383,0.003117,12.201244,16.776406
446,0,0.023212,9.377503,0.912938,0.012060,9.452225,41.449852,10.750011,76.957149,0.260843,8.259123,0.003077,9.755476,16.582785
447,0,0.021554,8.852412,0.052264,0.004128,8.906399,35.816734,5.066335,60.634245,0.322759,1.581201,0.002793,10.438135,12.326659
448,0,0.018422,14.467861,2.057968,0.023013,14.685369,40.319545,11.749721,77.449872,0.177743,8.584000,0.002744,9.759613,17.278244
449,0,0.027138,10.743343,0.231846,0.013780,10.941168,39.534593,7.207663,76.346393,0.299698,8.129610,0.002649,14.265769,22.673659
450,0,0.019235,9.437566,0.064544,0.012575,9.501705,38.052564,16.383282,76.912411,0.297760,6.270638,0.002634,9.532770,16.060587
451,0,0.034468,11.086189,0.067198,0.010074,11.134377,33.420934,1.725665,60.826243,0.273518,4.643176,0.002499,13.930414,18.807301
452,0,0.013515,7.941616,1.208309,0.003147,9.152388,47.771870,10.789938,76.648870,0.271511,2.048709,0.002415,9.608939,11.613554
453,0,0.025672,9.897241,0.481686,0.014916,10.023925,34.547326,4.239505,60.366468,0.302144,3.985886,0.002322,10.312612,13.802544
454,0,0.019182,9.440688,2.112126,0.011190,9.491782,32.603465,5.268316,61.562406,0.260585,3.533207,0.002697,13.754527,14.112486
455,0,0.026257,9.097791,0.204550,0.010423,9.129977,35.654445,6.997361,60.956978,0.373196,1.886517,0.002660,8.404939,10.652156
456,0,0.022692,8.853123,0.058525,0.003520,8.905191,36.176884,5.692734,61.669225,0.310384,1.769938,0.003663,10.371499,12.064404
457,0,0.023095,8.220928,0.050851,0.004262,8.275506,33.818215,6.139021,60.245878,0.276500,1.889132,0.002336,11.672283,13.840251
458,0,0.021335,7.946385,0.058818,0.011946,8.014115,38.598040,3.805047,60.090146,0.288735,3.616806,0.002695,8.749647,10.228992
459,0,0.019611,8.701670,0.069863,0.004038,8.744576,38.232035,5.627866,61.448278,0.192746,3.093086,0.002538,8.422264,11.692926
460,0,0.016950,7.915872,0.057510,0.005011,7.977721,47.266052,9.624562,76.758676,0.179517,1.487582,0.003737,11.293384,12.622843
461,0,0.021325,10.077052,0.074780,0.003636,10.125154,46.556432,11.861102,76.337237,0.337188,4.003583,0.002447,7.058927,11.375405
462,0,0.020351,9.586426,0.095529,0.003495,9.635985,35.044021,7.024657,61.768157,0.295472,4.334483,0.003673,9.291908,12.800220
463,0,0.020080,8.051954,0.053038,0.011783,8.104789,37.323476,1.576231,61.107016,0.256474,1.714925,0.002331,13.586228,14.025467
464,0,0.007437,7.306968,0.056398,0.003531,7.350299,40.442135,4.143665,61.176077,0.194440,1.730220,0.002990,8.925595,10.281431
465,0,0.015867,8.325162,0.064902,0.011983,8.374405,42.909929,15.769080,77.180815,0.180378,3.176417,0.002142,9.408014,11.764344
466,0,0.030902,8.228849,0.157310,0.004114,8.279276,38.104705,3.645799,59.828195,0.294151,1.378647,0.002885,9.427493,10.475019
467,0,0.016059,8.873207,0.067345,0.011117,8.930466,33.897592,7.838629,61.557462,0.162545,4.592755,0.003193,10.468259,15.214017
468,0,0.034477,8.393547,0.174712,0.007573,8.575832,34.044512,9.067629,61.036218,0.312447,2.345596,0.002776,8.548226,10.739614
469,0,0.021903,9.518367,0.047213,0.010406,9.573608,37.757274,4.543728,61.636970,0.286416,2.882371,0.002672,8.987118,10.871268
470,0,0.014727,7.854318,0.367781,0.011237,8.226480,37.100228,5.091358,60.624044,0.189548,3.199658,0.002743,10.086288,13.471719
471,0,0.020814,8.644411,0.054234,0.008328,8.686256,45.747550,10.705845,77.028785,0.167889,2.551073,0.002483,11.388544,14.093925
472,0,0.020501,8.500465,0.061057,0.012776,8.564661,36.209835,5.998316,60.249475,0.301960,2.481000,0.002780,9.047137,11.820691
473,0,0.015040,14.475814,0.397985,0.011306,14.519265,37.087636,13.796365,76.272619,0.169318,8.965478,0.002683,10.137435,18.684085
474,0,0.018927,8.784246,0.697387,0.007402,8.886666,40.733012,0.766491,60.179514,0.162617,2.960308,0.002976,8.909287,11.994000
475,0,0.012292,15.224649,0.090867,0.009001,15.299500,37.729606,10.735618,77.450801,0.518449,9.867524,0.002925,9.536579,18.923206
476,0,0.045464,12.244442,0.154264,0.003489,12.320588,57.800250,11.822141,91.549630,0.340894,5.738792,0.002945,8.876252,14.905474
477,0,0.022906,10.805610,0.085968,0.003418,10.894904,37.557925,4.087644,61.183417,0.280301,5.085018,0.003249,8.218406,13.568417
478,0,0.011110,9.249465,0.054706,0.008114,9.285303,38.813679,2.662491,61.445024,0.175815,2.449339,0.003118,10.189066,12.062579
479,0,0.025153,8.855646,0.059353,0.004021,8.897567,38.606271,3.969344,61.183812,0.352275,2.934456,0.002027,8.710634,11.735700
480,0,0.013757,9.759706,0.060581,0.005131,9.819110,37.285431,4.688924,61.072409,0.225538,4.062506,0.002545,8.769154,12.196473
481,0,0.020526,8.765593,0.053816,0.003007,8.813708,47.576839,10.524438,76.570210,0.280275,2.513229,0.002599,9.248246,11.760002
482,0,0.023562,8.109455,0.051255,0.007730,8.160617,37.877313,5.785780,61.339130,0.248234,0.820868,0.002889,9.154136,10.212358
483,0,0.026025,10.428068,0.050032,0.007609,10.470259,49.695458,4.045474,75.479916,0.344270,4.566574,0.002701,10.690853,15.551047
484,0,0.013673,8.617365,0.068084,0.009276,8.669396,61.850741,8.856137,91.955429,0.230851,3.416634,0.004941,12.084361,12.916135
485,0,0.024058,8.048218,0.047653,0.003162,8.097181,39.321040,4.674389,61.512269,0.279562,2.243795,0.002820,9.126276,11.620752
486,0,0.017552,7.723693,0.101063,0.004144,7.778486,45.019336,13.176086,75.982291,0.263591,2.840480,0.003113,9.269800,12.328707
487,0,0.025499,8.699530,0.050631,0.038659,8.745013,40.708539,15.773734,76.652987,0.295522,2.912839,0.003311,10.867973,13.126737
488,0,0.026759,9.531524,0.077136,0.014619,9.607292,44.932485,9.717614,75.496527,0.259878,3.995296,0.002623,10.661702,12.703041
489,0,0.026856,8.739296,0.052633,0.052219,8.794053,53.777889,2.992374,75.813528,0.295621,3.096783,0.003083,9.717108,11.563027
490,0,0.017428,8.920267,0.079241,0.012203,8.997870,46.133648,9.658641,77.996104,0.272602,3.972682,0.003679,12.808750,17.035935
491,0,0.025993,15.839847,0.118177,0.024129,15.886346,36.298930,14.305269,76.482531,0.287992,7.483240,0.002761,9.319583,17.080847
492,0,0.030603,9.101081,0.076048,0.009543,9.152502,38.975393,2.219135,61.165050,0.304271,3.616856,0.002272,10.039798,13.288077
493,0,0.014969,8.235649,0.128327,0.004320,8.279219,40.361439,14.958526,76.928861,0.252223,2.169091,0.003100,12.861608,14.397997
494,0,0.019691,7.792991,0.071291,0.009170,7.870815,46.378594,4.066047,75.152698,0.171115,1.985194,0.003220,16.124501,16.742573
495,0,0.016682,9.051793,0.109776,0.006746,9.097687,60.298612,13.943000,92.248255,0.275100,3.429655,0.002381,8.391879,9.886206
496,0,0.020714,9.729041,0.060142,0.010473,9.784020,39.951025,16.065419,76.381386,0.239470,4.487213,0.003636,10.045048,14.241815
497,0,0.020938,7.824459,0.074788,0.003923,7.873470,37.316385,5.273762,60.983885,0.237976,3.071798,0.003469,9.989978,12.222646
498,0,0.019400,8.699404,0.217096,0.013554,8.781333,55.032302,3.830652,76.304897,0.262059,2.636031,0.003413,7.832090,10.706530
499,0,0.017996,9.611553,0.058280,0.003875,9.672664,40.864263,0.718180,59.891816,0.277251,3.211588,0.002497,8.159521,10.730024
500,0,0.011079,8.064608,1.044122,0.004485,8.109279,39.147696,6.183263,62.265190,0.317314,1.930930,0.003294,7.919200,10.135988
501,0,0.023675,9.574168,0.056802,0.003944,9.626683,44.791011,13.063265,75.580419,0.174791,4.896430,0.002639,7.678959,10.859869
502,0,0.024440,12.947776,4.891437,0.007456,17.846669,40.167688,10.154933,77.057093,0.294010,7.541235,0.002599,11.816724,19.513136
503,0,0.031002,10.335341,3.370504,0.108635,10.402574,46.733541,3.982521,76.402597,0.425432,3.803954,0.002692,14.751111,15.986450
504,0,0.020380,8.773465,0.068338,0.008936,8.831968,39.896927,2.025815,61.363865,0.602106,3.886973,0.002836,9.470831,11.445497
505,0,0.125715,7.985511,0.047401,0.003401,8.022278,51.884708,8.730783,76.529753,0.377712,2.427790,0.002615,7.336244,10.021677
506,0,0.023915,7.731654,0.326757,0.013921,8.072332,45.147937,6.848391,76.321364,0.180935,2.109210,0.003025,15.156535,15.882057
507,0,0.024458,7.624741,0.351079,0.007697,7.660080,40.167422,5.797440,61.309945,0.273271,2.020422,0.002176,7.180921,9.456306
508,0,0.022271,9.238083,0.048459,0.007863,9.289367,38.510010,1.736724,60.641290,0.188397,3.140053,0.003316,10.658206,13.979864
509,0,0.012195,7.111070,0.071744,0.003621,7.153571,41.763204,3.245294,61.654378,0.277944,0.626788,0.002018,9.049788,9.407442
510,0,0.018020,9.276418,0.060813,0.003542,9.338883,48.446976,9.488259,76.304523,0.464333,3.221597,0.002622,8.419356,9.939605
511,0,0.041407,11.825625,2.844161,0.013567,11.886826,60.154964,5.468640,91.389584,0.497074,3.709682,0.002419,13.141227,17.312567
512,0,0.019789,6.974089,0.116500,0.013657,7.078399,42.469870,15.818167,76.186887,0.173733,1.329042,0.002445,10.175425,10.735670
513,0,0.024684,8.348341,0.053262,0.003619,8.393492,42.579819,15.709397,76.283356,0.175856,1.771808,0.002400,9.305676,11.233175
514,0,0.023851,7.772750,0.049798,0.004881,7.818604,46.065440,13.524747,76.185175,0.481528,2.282612,0.002802,8.200976,10.924501
515,0,0.021465,9.388899,0.065257,0.003457,9.448420,45.214866,13.711935,76.249940,0.230157,3.289156,0.002710,7.551205,11.046514
516,0,0.030487,11.492087,0.055205,0.006920,11.540980,46.858426,7.702710,77.035758,0.379232,4.946136,0.003491,10.003217,15.300289
517,0,0.020245,8.950222,0.275657,0.050577,9.011938,44.275735,13.758961,76.473371,0.170039,3.873919,0.002594,8.809270,11.207228
518,0,0.030568,8.566593,0.940176,0.006776,8.621473,47.398524,9.704391,76.428993,0.240197,4.298667,0.002687,8.864064,11.915476
519,0,0.027009,8.869282,0.257009,0.019827,9.146118,44.702463,11.832851,76.702049,0.349778,4.794845,0.002513,10.509129,15.600192
520,0,0.021885,7.904900,0.125224,0.037427,7.955489,53.508135,6.741899,76.459715,0.341929,2.459390,0.003159,7.593205,10.359712
521,0,0.024816,9.215341,0.056416,0.003266,9.273582,43.329956,14.763094,76.279173,0.424587,1.846668,0.002501,8.249982,9.225955
522,0,0.051495,9.499400,0.104465,0.003664,9.606623,46.382251,8.858575,76.335360,0.762849,4.241201,0.003722,10.184197,13.213649
523,0,0.043894,8.383497,0.061508,0.008090,8.438455,48.324859,6.182765,76.713205,0.437754,2.347075,0.004800,12.684914,14.409463
524,0,0.025609,9.458059,0.061438,0.004624,9.499884,44.595052,14.249120,76.633544,0.237011,3.411512,0.002514,7.846521,11.470681
525,0,0.037532,9.180261,0.076831,0.003140,9.227769,59.007305,14.259997,91.412138,0.557098,1.001544,0.002315,8.324926,9.866923
526,0,0.031243,8.396202,0.059945,0.010752,8.453498,50.152466,5.983524,76.175257,0.365456,2.638763,0.002793,10.389801,11.993900
527,0,0.023970,9.872223,0.069914,0.012638,9.927939,50.172135,2.751411,76.602207,0.180877,3.822850,0.004722,13.275264,17.263963
528,0,0.017515,9.266782,0.329566,0.005582,9.601930,50.979850,6.423170,77.094242,0.246262,3.585194,0.003059,9.380122,9.819278
529,0,0.042536,10.298664,0.170966,0.006217,10.475847,55.843052,12.433602,91.885954,0.359128,1.985959,0.004195,12.549613,14.855649
530,0,0.030393,12.155390,3.122051,0.007369,12.962100,73.747342,7.997023,107.412333,0.452035,4.553704,0.003317,9.759835,12.532641
531,0,0.024502,18.602370,5.108278,0.074454,23.785102,47.271616,7.385662,92.253710,0.331835,10.089560,0.003460,14.651405,24.844175
532,0,0.029819,8.200066,0.727108,0.004236,8.424618,42.369678,13.228038,76.184580,0.532782,1.520341,0.004590,10.866967,12.008182
533,0,0.043559,7.876208,0.080936,0.008998,7.909068,47.328206,8.666562,76.593989,0.520320,1.787875,0.002823,11.938645,13.441810
534,0,0.025520,8.555104,0.070493,0.004370,8.602323,43.651857,13.716594,76.163429,0.276212,2.194405,0.003132,9.737540,11.398542
535,0,0.024517,7.437895,0.162875,0.007934,7.476295,55.556462,2.290139,76.788945,0.280034,1.890856,0.002235,10.939948,11.732072
536,0,0.017315,13.841630,0.080704,0.005978,13.888655,57.271631,9.136587,90.773472,0.323756,7.832969,0.002982,9.502675,13.494646
537,0,0.024579,8.899616,0.063577,0.003668,8.948099,56.034778,13.608943,92.189966,0.257028,3.096545,0.003113,13.203153,15.323425
538,0,0.029787,8.192460,0.051440,0.009855,8.241770,45.907654,14.706646,77.151644,0.276732,2.460777,0.002939,7.824801,8.203579
539,0,0.032487,7.690011,0.171648,0.013343,7.731889,39.614764,1.859479,60.463404,0.280007,1.970798,0.004577,10.094890,12.327528
540,0,0.014588,8.140768,0.049273,0.012691,8.185397,53.747404,3.915850,77.327146,0.263590,3.003891,0.002224,10.955817,14.219307
541,0,0.016322,9.931896,0.059530,0.011623,9.987033,47.146575,10.648788,77.301513,0.290338,4.502346,0.002515,9.174037,13.950876
542,0,0.018497,9.089882,0.157989,0.010290,9.131350,59.147574,11.774879,91.908222,0.179433,3.323073,0.003454,11.141710,14.630491
543,0,0.025045,7.723788,0.050412,0.003314,7.766073,52.785210,7.616477,76.051374,0.296700,2.906168,0.002032,7.392493,8.674395
544,0,0.020597,8.572835,0.056408,0.003705,8.628450,67.676280,4.684714,91.781555,0.263885,3.389156,0.002474,10.358061,13.992761
545,0,0.015145,8.547591,0.310392,0.006712,8.736681,43.706224,12.977802,76.809678,0.182484,4.198902,0.002340,10.547783,13.695395
546,0,0.025102,7.194641,0.064293,0.003681,7.261927,46.359875,14.836200,76.671963,0.297562,2.622130,0.002313,7.768210,10.670185
547,0,0.020815,8.125948,0.048750,0.003656,8.173943,41.365513,2.699212,60.656798,0.181189,2.161193,0.002769,7.968659,10.296770
548,0,0.014605,7.802795,0.141385,0.013120,7.890661,69.672317,3.032458,90.546979,0.257160,3.387335,0.002768,8.676905,11.149078
549,0,0.011486,8.070073,0.051856,0.003625,8.117785,45.609618,11.684285,77.210109,0.224772,3.688264,0.002144,11.367915,13.048216
550,0,0.024221,7.621218,0.053606,0.009359,7.663372,50.662338,8.999915,76.661525,0.305412,2.730015,0.002643,8.784760,11.806249
551,0,0.026513,8.533954,0.103547,0.003111,8.582614,51.062947,4.154977,75.885634,0.344803,1.591080,0.003341,11.694380,12.956847
552,0,0.016795,6.912694,0.104508,0.008257,6.970487,44.453928,1.860114,62.382899,0.245137,0.897834,0.002341,8.463532,9.109400
553,0,0.011820,8.208863,0.101864,0.009238,8.261699,44.556270,15.091489,77.635525,0.236688,2.636868,0.002248,9.148089,10.606170
554,0,0.022952,8.343366,0.085946,0.011367,8.402986,58.094380,15.001463,91.695241,0.242906,2.963821,0.002688,8.679172,11.572864
555,0,0.024138,8.677977,0.951185,0.004911,8.738999,49.946597,4.204417,76.193109,0.270443,1.840725,0.003571,11.713919,13.803209
556,0,0.021709,8.561333,1.925777,0.003279,10.489854,55.449689,12.851419,92.417029,0.318526,3.546169,0.003708,14.941929,15.407190
557,0,0.021568,17.050482,0.207496,0.012273,17.092584,73.883694,6.803800,106.862588,0.350631,10.732538,0.002546,8.343601,18.094938
558,0,0.021955,10.562070,0.727285,0.020072,10.620521,44.052006,7.058243,76.236743,0.253581,4.012944,0.002222,14.011083,18.263680
559,0,0.017688,9.775009,0.054350,0.004162,9.823762,46.192875,10.656811,76.864787,0.293388,4.597743,0.002871,9.703675,14.577874
560,0,0.019932,7.963436,0.053767,0.005133,8.011143,45.331998,10.049797,75.636340,0.252194,2.672952,0.003667,11.560352,13.852925
561,0,0.022854,9.332917,0.054272,0.003803,9.381787,46.101049,8.005791,75.996537,0.286381,2.828531,0.002955,11.923546,15.007893
562,0,0.026272,8.706953,0.111555,0.105521,8.764222,52.652124,0.935225,76.136092,0.251096,3.546323,0.002517,12.963620,14.760061
563,0,0.008409,8.598028,0.095848,0.011640,8.643674,43.211780,14.689909,77.417007,0.392108,2.639422,0.002851,10.136915,13.155081
564,0,0.028029,8.373841,0.053352,0.010939,8.422529,46.709861,12.377746,77.475711,0.303941,1.629217,0.002921,9.200614,10.675967
565,0,0.026499,8.432971,0.050320,0.020211,8.484112,57.036297,16.246282,91.923397,0.294478,3.039199,0.003257,9.426156,12.742288
566,0,0.022130,7.185094,0.047882,0.010661,7.234309,71.822125,1.588753,91.574597,0.254750,1.319003,0.002656,10.509667,10.984067
567,0,0.014479,9.976113,0.195114,0.015801,10.187028,53.284782,0.922812,76.262304,0.229461,5.765447,0.003121,9.571953,11.771669
568,0,0.011115,7.267830,0.050287,0.003402,7.319972,57.266500,2.536358,76.562824,0.243252,2.157941,0.002999,9.052392,10.392909
569,0,0.012796,7.427036,0.737735,0.004085,8.166866,63.072318,8.795596,92.763787,0.252505,2.486053,0.002953,12.759055,15.488361
570,0,0.023567,8.832398,0.057389,0.004463,8.889325,49.246116,7.133404,75.908717,0.185204,2.438566,0.002307,10.258934,12.862354
571,0,0.019525,8.222950,0.050039,0.009351,8.270646,42.593802,15.740199,77.068884,0.279516,3.682830,0.002677,9.774524,12.000378
572,0,0.025319,8.292850,0.229448,0.008739,8.335696,45.548498,12.829826,75.644061,0.368664,4.063250,0.003160,8.129986,12.372192
573,0,0.023033,7.696295,0.053797,0.003560,7.743889,46.517805,12.671087,76.871473,0.270615,3.727071,0.003125,9.497948,13.480260
574,0,0.021645,8.806336,0.048105,0.004253,8.856788,51.222695,6.067027,76.200223,0.262854,2.411291,0.003889,9.655208,12.308979
575,0,0.036823,9.137429,0.053365,0.009077,9.182790,52.713324,1.693046,76.528301,0.545076,3.095792,0.002808,11.485164,14.350393
576,0,0.016776,14.017642,2.294653,0.004905,14.056886,56.386985,11.665350,92.580449,0.257686,8.158780,0.002771,8.963518,17.361891
577,0,0.018756,7.087636,0.070397,0.003263,7.134676,51.254228,9.972231,77.063754,0.299680,1.184728,0.002294,8.263986,9.723123
578,0,0.020285,7.689520,0.050539,0.003610,7.736318,49.700357,10.632609,76.211721,0.331605,2.564796,0.002438,7.663519,9.671054
579,0,0.026987,7.343394,0.048158,0.008105,7.389444,47.565407,9.103472,76.945805,0.277858,2.346229,0.002834,12.495975,15.102838
580,0,0.023735,7.520069,0.047700,0.003161,7.564059,53.230981,4.057902,76.264113,0.217391,1.323619,0.002610,10.871346,12.387424
581,0,0.012521,8.601638,0.053309,0.003520,8.652083,45.142614,12.811694,76.260901,0.283771,3.801916,0.001704,9.122176,12.348822
582,0,0.019500,8.121593,0.054902,0.009452,8.168049,55.080262,5.953889,76.932524,0.429541,1.884297,0.001548,7.132127,8.962098
583,0,0.031309,10.987086,0.086866,0.014842,11.051812,52.269457,2.192232,76.403719,0.421586,4.149961,0.002876,10.104234,13.984726
584,0,0.017896,8.939144,0.138599,0.008284,9.082078,66.281323,7.004930,91.263272,0.347935,3.165702,0.001512,8.345922,10.801511
585,0,0.019335,7.458658,0.051801,0.004291,7.496662,50.880202,7.272266,76.064029,0.243384,0.690609,0.002731,10.020652,10.693637
586,0,0.021361,15.681280,0.352802,0.004073,15.750471,65.351922,14.654810,107.276692,0.168258,9.725847,0.002728,10.774711,17.779759
587,0,0.028793,8.348677,0.049826,0.003170,8.393898,49.933454,6.692530,76.534253,0.323402,2.285524,0.002819,11.023016,12.385920
588,0,0.021461,8.181476,0.099200,0.007776,8.227944,50.410755,10.636658,77.502960,0.246529,2.601663,0.002483,7.666353,9.153933
589,0,0.026580,9.107747,0.068590,0.003903,9.157559,51.335233,5.880558,76.178338,0.316897,2.961106,0.004874,9.352835,12.526379
590,0,0.013281,7.987119,0.058642,0.010244,8.041117,47.561524,12.645379,77.707016,0.190956,1.840911,0.002546,8.821021,10.843155
591,0,0.023453,8.996542,0.055783,0.003282,9.047895,47.510928,10.643495,76.399626,0.250538,3.657442,0.002319,8.838799,9.762402
592,0,0.021494,7.672562,0.054204,0.007222,7.721851,47.736509,10.019697,76.445607,0.300410,1.325534,0.002769,10.558117,12.117464
593,0,0.020422,7.476125,0.062681,0.004417,7.542840,57.583007,0.552807,75.360982,0.278854,1.303154,0.002732,9.165484,10.461576
594,0,0.006500,6.639281,0.048002,0.003396,6.688999,48.338893,14.858479,77.982579,0.229286,1.459149,0.002669,7.660363,9.282439
595,0,0.025233,7.859935,0.052929,0.003833,7.908205,44.039596,15.674935,76.666348,0.186032,2.083764,0.002689,8.654616,10.108237
596,0,0.023037,7.572413,0.204817,0.003495,7.618091,53.334681,1.668400,74.725047,0.300807,1.100061,0.003339,11.535921,11.985742
597,0,0.013404,8.862816,0.057723,0.004528,8.910957,66.189636,6.703519,92.279048,0.166460,3.896933,0.002410,10.131352,12.405439
598,0,0.019042,7.361852,0.060143,0.009977,7.417258,49.394917,5.865536,76.375084,0.254015,2.869517,0.003029,12.656602,13.594325
599,0,0.016015,8.827934,0.047849,0.003214,8.869145,44.987825,11.639647,76.872798,0.180629,1.661598,0.002940,11.036639,12.866337
600,0,0.020092,8.015161,0.093326,0.005445,8.096249,47.529397,13.225550,77.555776,0.244229,3.031357,0.002637,8.120802,11.383842
601,0,0.020344,8.116741,0.049815,0.005343,8.169789,62.492913,13.968605,91.708398,0.251170,2.195114,0.002422,6.649476,8.371450
602,0,0.023785,9.792457,1.973837,0.018326,9.839947,46.751424,7.797734,75.931439,0.248599,3.746026,0.002789,11.052939,14.525511
603,0,0.017023,7.773614,0.056599,0.006205,7.820485,47.823227,9.160726,76.898778,0.324801,1.731892,0.002997,11.577936,13.013859
604,0,0.013812,7.813863,0.198348,0.003326,7.868523,47.927240,11.604720,77.258396,0.243176,0.597952,0.002706,9.353228,9.781728
605,0,0.022522,7.342799,0.054098,0.009743,7.388628,69.513962,3.238479,90.817437,0.266959,1.165007,0.002764,9.926567,11.338457
606,0,0.015169,8.464540,0.054517,0.010687,8.524683,45.529440,11.639365,77.321561,0.190943,2.629695,0.002803,11.140736,13.959577
607,0,0.021040,8.371802,0.091790,0.051907,8.465358,55.151564,3.061171,75.932631,0.172712,2.381088,0.004122,8.980679,11.262350
608,0,0.015909,7.825457,0.062872,0.003744,7.881515,47.866427,9.794861,75.829059,0.272053,1.875820,0.002489,9.210605,11.351565
609,0,0.020232,10.176346,3.400642,0.004059,10.216344,45.951362,6.708287,76.770695,0.172887,4.103263,0.003169,10.143171,14.400832
610,0,0.018915,8.659218,4.002905,0.008081,12.665655,74.286908,12.760114,107.499186,0.270224,3.903360,0.002467,11.226778,13.111888
611,0,0.022333,6.994189,0.044951,0.008006,7.042914,49.678363,10.135727,76.619331,0.182851,1.413211,0.002841,9.386190,10.971793
612,0,0.023739,8.588156,0.089932,0.004495,8.643377,48.480173,8.631338,77.462942,0.285226,3.287683,0.003788,11.276589,14.827647
613,0,0.022089,8.449867,0.076612,0.004518,8.501603,44.195370,9.707844,75.939894,0.293292,0.994473,0.002468,13.008258,13.441046
614,0,0.022997,10.551742,0.463004,0.003278,10.599287,48.704053,8.781234,76.711553,0.202797,2.980998,0.003022,7.765493,10.933830
615,0,0.018099,9.245776,0.109765,0.003957,9.358562,60.377469,11.663697,92.280731,0.265707,2.778977,0.002512,10.498033,13.530536
616,0,0.036901,8.402125,0.061192,0.003195,8.454762,57.923917,15.882782,92.027233,0.439594,0.809370,0.002548,9.120392,10.347519
617,0,0.027613,7.942655,0.051261,0.007656,7.992825,47.760080,11.707575,76.476771,0.343299,2.744535,0.002797,8.482894,11.045760
618,0,0.026142,7.397452,0.064512,0.003558,7.453920,52.639757,8.247507,76.195849,0.272053,1.628597,0.002559,7.450853,9.337137
619,0,0.021131,8.217531,0.046923,0.003585,8.266875,65.971045,9.963545,92.521185,0.173348,1.762864,0.002215,7.928903,9.846084
620,0,0.022994,7.730799,0.069068,0.003360,7.780049,57.877638,2.128587,75.135627,0.214080,1.670918,0.002729,6.973324,8.836025
621,0,0.014347,8.729294,0.191810,0.057707,8.924263,57.999094,15.705200,92.276797,0.223349,2.846762,0.003034,9.375960,12.440435
622,0,0.021974,7.598815,0.054980,0.004043,7.654364,50.142481,10.999806,77.019900,0.241486,1.289228,0.003078,7.805606,9.307651
623,0,0.023665,14.091032,1.398901,0.006960,14.135726,50.752056,3.328718,77.440192,0.199850,9.430333,0.002492,8.082470,17.689387
624,0,0.015220,7.570488,0.048630,0.012702,7.619595,52.510798,4.006037,76.239910,0.247877,2.735797,0.003186,11.450274,13.771894
625,0,0.013905,7.713817,0.126655,0.010876,7.843123,49.314282,12.577765,77.844843,0.240190,2.684847,0.001935,7.573801,9.638702
626,0,0.026834,8.340107,0.068651,0.008091,8.384240,72.474615,2.109959,91.762332,0.352196,2.866680,0.003520,8.147811,11.342691
627,0,0.015091,7.993545,0.338990,0.016658,8.256730,47.170057,11.741817,77.178429,0.271800,2.697128,0.003307,9.567837,11.330823
628,0,0.020520,8.375116,0.072859,0.010065,8.426144,61.360625,9.781966,91.217215,0.298802,2.752776,0.002872,10.784522,13.712884
629,0,0.026837,7.887757,0.086467,0.010257,7.948029,54.907235,2.662608,77.150131,0.438923,1.981952,0.003751,11.065635,13.442133
630,0,0.017926,8.725834,0.052132,0.003757,8.775962,50.702833,5.213346,77.159138,0.338881,1.441589,0.003016,11.944299,13.331974
631,0,0.020934,8.786536,0.051583,0.007429,8.836024,54.113804,0.694288,75.081641,0.253413,2.448215,0.002594,10.907455,11.344906
632,0,0.007206,7.167902,0.052104,0.003967,7.207812,80.834961,9.322129,107.649096,0.246314,1.182873,0.003793,9.759934,11.189530
633,0,0.017077,10.483188,0.338486,0.004003,10.534532,58.381338,15.265044,92.509039,0.183321,4.287660,0.002292,7.806140,8.342237
634,0,0.022054,7.344921,0.116256,0.004089,7.412260,47.142135,13.713752,76.827901,0.313658,2.407771,0.002490,8.030950,10.731210
635,0,0.033565,7.180499,0.053022,0.003141,7.220618,56.390676,15.857501,92.892656,0.518203,0.875711,0.003775,12.715449,13.935208
636,0,0.024007,8.057953,0.317398,0.004158,8.378982,49.756008,8.799978,77.141997,0.269215,1.998918,0.002723,9.951128,12.200034
637,0,0.020634,8.092289,0.050867,0.003351,8.143020,63.776981,9.685864,92.219149,0.267534,2.666781,0.002835,10.176545,13.096080
638,0,0.023695,8.282607,0.049888,0.003497,8.335310,52.893516,6.986407,76.458532,0.204945,2.829433,0.002272,7.712577,10.244823
639,0,0.023602,7.095213,0.393435,0.003065,7.491712,59.940114,11.781799,92.110817,0.174467,1.172122,0.003239,12.800013,13.732596
640,0,0.019460,10.895062,0.047699,0.004432,10.945147,52.754062,5.151362,76.654353,0.178294,6.069325,0.003521,7.362528,13.598093
641,0,0.016001,8.962100,0.055266,0.003693,9.013927,67.839230,5.218886,91.647835,0.163041,2.538913,0.002803,9.253948,11.941680
642,0,0.015971,8.828562,0.076961,0.011158,8.900604,54.008352,12.998859,92.211269,0.270519,1.835241,0.003209,15.699684,16.197801
643,0,0.038167,7.726208,0.052467,0.003604,7.768098,52.287234,5.665110,75.974222,0.432607,2.425284,0.009508,9.662735,12.511244
644,0,0.017774,10.414491,0.079360,0.003794,10.466232,51.181098,4.704073,77.123716,0.387690,5.320121,0.002922,10.008242,15.699222
645,0,0.025236,7.744758,0.066663,0.003879,7.799620,50.802332,7.672268,76.229624,0.238818,2.225739,0.003092,9.516167,11.962020
646,0,0.015351,8.378897,0.110912,0.003345,8.432404,54.001730,5.766946,78.271167,0.183347,3.653951,0.002370,9.638905,13.464169
647,0,0.018692,9.800064,0.436570,0.012062,9.909073,52.329427,5.834817,77.053967,0.282800,4.980649,0.002367,8.328584,13.535118
648,0,0.022905,8.248955,0.052839,0.007013,8.292611,49.459045,7.738341,76.194051,0.250988,3.707810,0.002730,10.226356,12.583326
649,0,0.021979,8.122316,0.127179,0.008653,8.165743,54.690979,4.989837,77.065516,0.316794,2.850403,0.002051,8.554199,11.692915
650,0,0.016347,8.568303,0.081381,0.003223,8.616492,51.367350,5.765904,77.103414,0.274728,2.084296,0.002621,10.874142,13.226060
651,0,0.018477,7.853586,0.068605,0.007615,7.895484,52.056231,7.868057,76.171991,0.324717,1.661847,0.001983,7.910252,9.878086
652,0,0.032446,7.463703,0.459244,0.004079,7.927026,62.530457,12.817748,92.471527,0.301045,1.887469,0.003716,8.816848,9.841790
653,0,0.023107,7.934648,0.051712,0.008600,7.989161,55.508181,11.015622,91.872718,0.271383,2.629290,0.002734,16.879480,17.252998
654,0,0.020477,8.250553,0.079167,0.013326,8.311160,57.948225,13.954695,91.562646,0.187161,2.830486,0.002794,10.472968,13.474895
655,0,0.019529,17.564669,4.082103,0.013011,17.637303,65.942958,9.325118,106.967897,0.224074,12.717203,0.003481,13.153802,26.017576
656,0,0.018508,10.465825,0.636941,0.009591,10.845530,52.901916,3.102999,76.579877,0.284009,4.915847,0.003004,8.894487,14.079296
657,0,0.014621,8.878430,0.111559,0.011364,8.954441,70.105923,14.643607,108.639848,0.253357,3.262331,0.003683,14.189042,17.687213
658,0,0.029049,9.283744,0.353419,0.012696,9.640704,66.500975,6.776273,92.735559,0.328621,4.835800,0.002804,9.100338,14.243875
659,0,0.018908,7.451237,0.059431,0.009035,7.512194,63.988917,10.918516,91.659059,0.249336,2.216864,0.002625,8.977013,9.245628
660,0,0.020845,11.712254,0.075313,0.003318,11.768346,63.798375,4.674853,92.277633,0.170836,5.921530,0.003554,11.547150,17.626213
661,0,0.016742,7.231920,0.108879,0.009038,7.343842,69.591236,5.694904,91.912588,0.243135,2.527973,0.002026,8.942893,11.362173
662,0,0.013714,7.779007,0.049613,0.005762,7.831003,65.478565,7.957434,91.957298,0.176770,1.823678,0.002712,10.335544,12.327086
663,0,0.021918,9.018362,0.285873,0.012344,9.305961,62.551936,10.230868,92.682497,0.242670,3.363506,0.003073,10.268313,13.851606
664,0,0.021570,7.719140,0.055084,0.003527,7.777322,61.849221,11.023561,92.281499,0.185701,1.323816,0.003253,11.275592,12.763627
665,0,0.022768,7.792770,0.051654,0.009090,7.833536,54.962521,1.747531,74.889901,0.309548,2.191191,0.002412,9.808202,12.289292
666,0,0.010648,7.247813,0.555514,0.004693,7.298524,56.637010,3.667613,77.661866,0.236826,2.019309,0.003101,9.615951,11.481132
667,0,0.018983,9.007088,0.065251,0.011974,9.075230,70.448146,1.695826,91.855584,0.279271,4.019366,0.002932,10.137505,14.416304
668,0,0.014550,6.605936,0.048168,0.004847,6.650448,56.235019,6.651370,77.789709,0.287867,1.223555,0.002718,7.761502,8.714098
669,0,0.018530,6.819791,0.056970,0.005434,6.879822,57.747184,2.717912,76.968528,0.252023,1.300862,0.002647,9.106464,9.459290
670,0,0.013780,7.940053,0.066649,0.008174,7.986136,66.897243,4.673033,91.905360,0.305977,2.894202,0.002813,11.812552,14.936535
671,0,0.020756,7.822671,0.055035,0.009207,7.867037,59.504723,15.893229,92.642808,0.250328,2.632230,0.002823,8.855670,11.724477
672,0,0.023764,8.164820,1.074273,0.008125,9.234990,50.582683,9.752291,76.352201,0.184006,3.126885,0.002915,7.414387,10.714398
673,0,0.019401,8.245102,0.103719,0.003373,8.294541,60.820585,12.954649,92.679382,0.303380,2.888028,0.003152,10.195875,12.408471
674,0,0.027266,7.265797,0.098739,0.024229,7.315038,59.731358,16.245986,92.317605,0.292554,2.497736,0.002275,8.312950,11.083832
675,0,0.023283,8.368599,0.046207,0.009089,8.410639,53.707693,3.646291,75.756615,0.261851,2.886298,0.002592,9.376804,11.795474
676,0,0.019746,8.873286,0.054021,0.008719,8.923462,55.047153,2.824885,76.088649,0.296286,3.071511,0.002720,8.743868,12.086474
677,0,0.016471,6.287766,0.868574,0.004956,7.161296,56.818404,4.086536,76.836659,0.255696,0.700292,0.002601,9.155233,10.080027
678,0,0.015894,8.361339,0.090464,0.003427,8.411411,67.913933,7.715260,92.476700,0.169029,2.860078,0.002989,8.091166,11.107861
679,0,0.021862,7.005612,0.123262,0.015187,7.044923,59.752487,0.672253,75.999312,0.182615,1.750977,0.002681,7.749282,9.673921
680,0,0.007958,7.194675,0.059889,0.008922,7.250004,59.994941,2.604582,77.567130,0.167929,1.748466,0.002683,7.417850,8.967271
681,0,0.012465,7.958746,0.749793,0.009854,8.490312,71.889047,14.686730,108.065328,0.250588,2.367688,0.002948,12.305468,13.396475
682,0,0.026520,7.331188,0.076803,0.003131,7.410743,52.750465,7.711592,76.632636,0.301413,1.475649,0.002747,8.348812,9.316800
683,0,0.020219,8.083288,0.061383,0.012653,8.126220,81.745479,3.691531,107.449858,0.176499,2.791740,0.003121,13.382279,14.878505
684,0,0.022065,8.381465,0.338486,0.009259,8.723759,58.323325,8.883989,92.292305,0.470327,2.437068,0.004008,15.316751,16.224923
685,0,0.023205,9.252456,0.053469,0.007190,9.308212,73.337016,16.095308,107.770885,0.309678,4.285858,0.002343,8.451320,13.018795
686,0,0.028207,7.546182,0.079689,0.007077,7.628454,95.498549,10.335137,121.767976,0.309292,1.323956,0.002895,7.929672,9.546623
687,0,0.029454,7.300059,0.066330,0.003552,7.369025,66.699753,10.821035,92.380780,0.335687,1.934427,0.002395,6.945412,7.812954
688,0,0.021098,7.803379,0.062671,0.009031,7.869904,63.866057,10.081898,91.461171,0.298706,2.583839,0.002990,8.918701,11.781877
689,0,0.021621,7.655000,0.064713,0.010207,7.729920,57.230316,3.703425,76.818329,0.333215,1.949460,0.002223,7.650579,9.581270
690,0,0.024383,8.764104,0.056260,0.003250,8.819444,67.334857,8.757862,93.006541,0.263700,3.986293,0.002623,7.685353,10.775778
691,0,0.023900,7.710206,0.048601,0.003859,7.755699,67.968528,6.778558,92.331685,0.295083,1.223681,0.003161,9.264975,10.770233
692,0,0.016931,8.171253,0.248172,0.003720,8.239492,70.527406,1.633752,92.450309,0.173996,2.034467,0.002794,11.426084,13.324575
693,0,0.022762,6.662186,0.052458,0.003599,6.708269,61.975781,13.341825,91.981809,0.170325,1.628800,0.002660,9.583010,9.850654
694,0,0.022369,6.880235,0.047820,0.009350,6.919662,52.514674,9.685359,77.177497,0.187661,1.591791,0.002715,7.629409,8.151935
695,0,0.025087,15.209487,0.156184,0.008392,15.247328,59.869232,8.305713,91.716502,0.288176,9.747057,0.002840,7.614070,17.613405
696,0,0.027750,7.590969,0.344382,0.009631,7.735942,56.713822,1.710330,76.290379,0.206313,2.553317,0.003226,9.713833,11.840753
697,0,0.016950,8.623998,0.052637,0.003038,8.673603,56.062520,2.212037,75.828023,0.327602,3.597964,0.003059,8.390892,12.162708
698,0,0.014892,8.007716,0.048375,0.003927,8.045827,81.669060,10.729321,107.927333,0.240053,1.871393,0.001956,7.032018,9.127969
699,0,0.020730,7.724119,0.108641,0.013095,7.762358,58.752813,16.768315,93.018441,0.270793,1.379504,0.003119,9.413776,9.867057
700,0,0.026922,8.294247,0.211530,0.011738,8.358588,64.531328,9.776525,91.630483,0.190461,2.144719,0.002721,8.501327,10.242357
701,0,0.018957,15.295566,1.560268,0.009973,15.341776,81.300497,2.146114,107.754089,0.182298,9.336721,0.002485,8.365124,17.870121
702,0,0.016301,7.084796,0.626456,0.020695,7.377263,73.418136,13.735109,108.162477,0.268555,1.681696,0.002259,12.651886,13.513306
703,0,0.020589,7.269094,0.055282,0.003646,7.327657,62.006053,14.875757,91.912483,0.177956,1.110968,0.002648,7.368423,8.646141
704,0,0.025511,7.911208,0.070813,0.008774,7.954429,60.743238,15.780232,92.631594,0.252575,1.491274,0.003084,7.742585,8.663783
705,0,0.033460,7.219329,0.740377,0.003875,7.963581,59.242941,15.840364,91.842889,0.382787,1.317112,0.002752,8.760976,9.984173
706,5,0.030886,7.081407,0.061456,0.003916,7.123482,58.847273,2.218290,76.499238,0.246009,1.069705,0.002625,7.753587,9.047895
707,10,0.014920,9.854689,5.503318,0.010517,15.362368,59.477655,5.164383,91.877871,0.277132,3.174110,0.002015,12.431617,15.683182
708,15,0.017980,8.207016,0.077781,0.003730,8.253625,62.437489,9.872889,91.945962,0.346522,1.517999,0.002483,10.895905,11.527206
709,15,0.018162,8.847994,0.050399,0.009673,8.895318,57.440857,1.230791,76.058459,0.215174,4.180658,0.002548,7.906776,12.303985
710,15,0.012043,7.444629,0.044523,0.009326,7.489814,67.170866,9.109996,92.407574,0.358889,0.906085,0.002207,8.042813,9.309994
711,15,0.024633,7.132097,0.083880,0.003968,7.219312,68.008241,8.861848,93.231331,0.179130,1.269893,0.002817,8.795582,9.168180
712,15,0.026111,7.770927,0.105074,0.003692,7.822416,62.272391,13.326119,90.989291,0.273441,1.833865,0.001929,7.104579,8.356806
713,15,0.033090,8.523495,0.046807,0.008548,8.568836,68.897247,6.032938,91.142411,0.307817,3.978907,0.002486,7.213514,11.478969
714,20,0.015806,7.112031,0.344940,0.051470,7.353439,70.450222,5.763524,91.879165,0.276431,2.576596,0.002925,8.031664,10.866881
715,20,0.028115,7.458651,0.516780,0.005393,7.523546,54.194099,6.030473,76.757946,0.201381,1.906352,0.002478,8.229271,10.314272
716,20,0.019753,8.803637,0.057725,0.010016,8.858828,57.510920,16.729812,91.975389,0.170658,4.026602,0.002921,8.419280,12.607645
