iteration,food_quantity,event_poll_ms,ants_advance_ms,evaporation_ms,update_ms,advance_total_ms,render_ms,blit_ms,iteration_total_ms
1,0,0.788813,7.108521,0.087981,0.006839,7.203341,27.829321,16.013451,51.835798
2,0,0.020029,7.696341,0.082495,0.005986,7.784822,8.227472,13.942432,29.975209
3,0,0.019454,7.482542,0.088937,0.006729,7.578208,7.262492,14.828330,29.689108
4,0,0.020065,7.711988,0.084776,0.006051,7.802815,7.158799,15.833508,30.815690
5,0,0.023208,7.772091,0.081590,0.005982,7.859663,7.419799,12.823341,28.126592
6,0,0.021456,7.837227,0.098583,0.006429,7.942239,7.052621,15.763275,30.780052
7,0,0.021579,6.679875,0.082207,0.006374,6.768456,7.739092,15.633847,30.163511
8,0,0.020688,6.304503,0.078355,0.006126,6.388984,7.872794,15.673478,29.956478
9,0,0.030326,6.413429,0.100390,0.006159,6.519978,7.254359,16.626369,30.431586
10,0,0.022800,6.189431,0.086066,0.006324,6.281821,7.183781,16.068457,29.557287
11,0,0.023284,7.456805,0.083620,0.005893,7.546318,7.323949,15.550498,30.444413
12,0,0.018297,6.175201,0.077058,0.006895,6.259154,7.419028,16.054233,29.751313
13,0,0.020247,6.134702,0.072237,0.006447,6.213386,8.254167,15.332270,29.820654
14,0,0.020666,5.414188,0.087726,0.006947,5.508861,9.376137,15.507369,30.413524
15,0,0.021909,7.215251,0.075642,0.006685,7.297578,7.871304,15.096301,30.287546
16,0,0.019823,6.925336,0.073271,0.005866,7.004473,7.154111,15.665289,29.844287
17,0,0.020665,6.188897,0.075549,0.006425,6.270871,7.875508,16.389918,30.557474
18,0,0.021710,4.914041,0.102829,0.005962,5.022832,8.861745,15.473067,29.379856
19,0,0.020477,6.035071,0.053900,0.006852,6.095823,8.670644,15.370280,30.157665
20,0,0.020565,5.507885,0.071812,0.006294,5.585991,9.141492,15.449588,30.198161
21,0,0.019592,5.557736,0.448578,0.007116,6.013430,7.866908,16.552247,30.452895
22,0,0.019297,5.404560,0.073440,0.006508,5.484508,7.925162,16.378849,29.808426
23,0,0.021821,6.271857,0.060366,0.006637,6.338860,7.375426,16.390892,30.128158
24,0,0.040257,5.022823,0.126114,0.019199,5.168136,8.821094,16.431446,30.461443
25,0,0.020743,6.536203,0.077130,0.005735,6.619068,7.455463,15.872107,29.967777
26,0,0.020530,5.784807,0.074105,0.005989,5.864901,8.245880,15.350296,29.482083
27,0,0.021217,5.613128,0.075718,0.006162,5.695008,9.147263,15.603816,30.467704
28,0,0.021134,5.831908,0.088711,0.006139,5.926758,7.817269,16.439533,30.205231
29,0,0.021854,5.063106,0.773647,0.005538,5.842291,8.972584,16.383295,31.220591
30,0,0.023748,7.751378,0.073449,0.006234,7.831061,7.352783,14.728978,29.937089
31,0,0.023147,6.363644,0.297974,0.007189,6.668807,7.842035,15.634289,30.168771
32,0,0.023587,5.795355,0.093132,0.005676,5.894163,8.165729,15.769080,29.853152
33,0,0.019399,7.708700,0.074725,0.006173,7.789598,7.375760,14.525483,29.710827
34,0,0.018693,7.490578,0.115823,0.016002,7.622403,8.175683,14.698055,30.515267
35,0,0.022863,5.879781,0.086707,0.006158,5.972646,7.827150,16.145324,29.968512
36,0,0.021285,7.310581,0.078578,0.006088,7.395247,6.653233,14.679042,28.749383
37,0,0.020320,4.836382,0.048888,0.006633,4.891903,9.593624,15.562093,30.068651
38,0,0.020434,5.785429,0.089159,0.005683,5.880271,8.705849,15.579431,30.186488
39,0,0.019452,5.704594,0.318104,0.006132,6.028830,7.959789,16.386441,30.395082
40,0,0.019123,6.627248,0.074627,0.006057,6.707932,7.126174,15.681657,29.535336
41,0,0.018413,5.424838,0.086781,0.013145,5.524764,9.063167,16.344704,30.951555
42,0,0.020797,6.581941,0.075728,0.006438,6.664107,6.748540,16.654995,30.088883
43,0,0.021364,7.288993,0.084103,0.006557,7.379653,6.872323,15.555131,29.829048
44,0,0.020073,5.936746,0.051526,0.006731,5.995003,7.519840,16.610003,30.145571
45,0,0.023796,5.683589,0.074384,0.006028,5.764001,7.993105,15.882956,29.664404
46,0,0.020578,5.793797,0.065284,0.007054,5.866135,8.406227,15.455703,29.749723
47,0,0.040083,6.834012,0.088299,0.006267,6.928578,7.878920,15.327954,30.176093
48,0,0.020691,5.365336,0.054974,0.006856,5.427166,8.751455,16.333409,30.533320
49,0,0.033726,7.245838,0.086655,0.006598,7.339091,7.251614,15.401022,30.025896
50,0,0.022974,5.930982,0.073299,0.006365,6.010646,8.080293,15.535913,29.650232
51,0,0.020253,6.671692,0.081868,0.006231,6.759791,7.884193,15.443871,30.108578
52,0,0.022134,4.477539,0.067067,0.006705,4.551311,10.045148,15.500337,30.119527
53,0,0.018913,5.311451,0.064035,0.007213,5.382699,9.403672,15.419815,30.225665
54,0,0.020612,6.040368,0.197467,0.006722,6.244557,8.304986,15.330797,29.901445
55,0,0.017484,6.395751,0.074030,0.006684,6.476465,8.049685,15.325554,29.869774
56,0,0.016144,5.629439,0.119403,0.006124,5.754966,8.900906,16.318371,30.990886
57,0,0.018281,4.982874,0.053735,0.007875,5.044484,8.320731,16.523753,29.907902
58,0,0.018982,5.505206,0.095645,0.007037,5.607888,8.629451,15.439892,29.696794
59,0,0.019818,5.779998,0.094622,0.007186,5.881806,8.005594,16.365380,30.273366
60,0,0.021249,7.194594,0.088413,0.006773,7.289780,7.971799,15.399174,30.682458
61,0,0.017056,4.373199,0.071517,0.007265,4.451981,10.093276,15.366694,29.929514
62,0,0.018062,5.077499,0.109789,0.006997,5.194285,9.091262,16.330180,30.634266
63,0,0.018078,5.604975,0.123947,0.006699,5.735621,8.362186,15.392930,29.509427
64,0,0.019443,5.292783,0.059175,0.006739,5.358697,9.499288,15.574056,30.451809
65,0,0.016566,5.315016,0.050906,0.006749,5.372671,9.486603,15.473770,30.350352
66,0,0.026653,5.520174,0.088467,0.006759,5.615400,8.700948,15.469256,29.812691
67,0,0.019787,5.882992,0.070742,0.006912,5.960646,7.214371,16.354847,29.550219
68,0,0.019840,5.250949,0.058025,0.006784,5.315758,8.663779,15.394560,29.394527
69,0,0.020536,4.180966,0.072304,0.006655,4.259925,10.727174,15.400146,30.408246
70,0,0.018682,4.185709,0.047628,0.006781,4.240118,10.654193,15.465529,30.378943
71,0,0.016408,4.506926,0.085267,0.006054,4.598247,9.653975,15.474680,29.743823
72,0,0.024451,6.109294,0.085439,0.006681,6.201414,8.594543,15.337126,30.157901
73,0,0.018327,4.933512,0.069264,0.007337,5.010113,9.323963,15.382883,29.736124
74,0,0.018940,4.768456,0.079930,0.007147,4.855533,9.945181,15.446976,30.267236
75,0,0.024375,5.547851,0.072378,0.005902,5.626131,9.079834,15.380599,30.111401
76,0,0.020374,5.976017,0.053865,0.007731,6.037613,8.465814,15.440924,29.965282
77,0,0.021108,5.545898,0.071187,0.006549,5.623634,8.799158,15.498638,29.943224
78,0,0.019262,5.643067,0.076030,0.005953,5.725050,8.737914,16.412376,30.895252
79,0,0.020287,5.813416,0.241684,0.006313,6.061413,7.959004,15.372331,29.413518
80,0,0.018953,4.489351,0.052540,0.006798,4.548689,10.044502,15.358470,29.971132
81,0,0.018233,5.469545,0.094174,0.006241,5.569960,9.287035,15.361483,30.237146
82,0,0.021564,5.478989,0.104137,0.006420,5.589546,9.114093,15.632421,30.358001
83,0,0.017281,4.800519,0.057972,0.007141,4.865632,9.045293,16.444164,30.372907
84,0,0.019106,6.527063,0.073925,0.006751,6.607739,7.004355,16.585219,30.217091
85,0,0.023198,4.998718,0.080466,0.006249,5.085433,8.606833,16.327113,30.043144
86,0,0.017737,4.488839,0.050538,0.006940,4.546317,9.037363,16.360723,29.962816
87,0,0.020033,4.560770,0.049287,0.006907,4.616964,9.225084,16.406719,30.269426
88,0,0.017161,4.996008,0.200657,0.006252,5.202917,8.610342,16.286229,30.117171
89,0,0.018808,4.470526,0.069135,0.008062,4.547723,8.960105,16.366662,29.893830
90,0,0.022149,5.389582,0.084650,0.006172,5.480404,7.940131,16.302913,29.746102
91,0,0.027704,5.072303,0.052093,0.007258,5.131654,9.059714,16.346836,30.566594
92,0,0.020959,5.059680,0.050355,0.006929,5.116964,9.280185,16.325478,30.744119
93,0,0.020142,5.360980,0.082689,0.006414,5.450083,8.354620,16.430445,30.255792
94,0,0.020970,4.849692,0.059624,0.006713,4.916029,9.267282,15.370167,29.574974
95,0,0.024251,4.658592,0.076185,0.006017,4.740794,9.888824,15.488600,30.142933
96,0,0.020214,4.766261,0.103146,0.006022,4.875429,9.792341,15.805788,30.494181
97,0,0.021064,5.312395,0.088142,0.005669,5.406206,9.072378,15.522732,30.022972
98,0,0.022625,6.950001,0.092763,0.006948,7.049712,8.999514,12.582201,28.654544
99,0,0.020644,5.316908,0.075493,0.005943,5.398344,8.818779,16.357535,30.595930
100,0,0.019416,5.411768,0.074269,0.006138,5.492175,8.841333,15.399038,29.752426
101,0,0.019418,5.071355,0.050226,0.006763,5.128344,8.619842,16.559196,30.327580
102,0,0.020511,4.584587,0.049613,0.006910,4.641110,9.078827,16.551073,30.291950
103,0,0.020231,5.362543,0.079526,0.006172,5.448241,7.837832,16.523324,29.830235
104,0,0.019553,4.865777,0.049830,0.006768,4.922375,9.160740,15.441375,29.544659
105,0,0.019074,5.724719,0.096588,0.007110,5.828417,8.992337,15.390785,30.231254
106,0,0.017843,4.955502,0.052276,0.006964,5.014742,9.269586,16.359096,30.661771
107,0,0.025074,5.606240,0.075185,0.006228,5.687653,7.997467,15.717529,29.428205
108,0,0.020363,5.662452,0.084823,0.006033,5.753308,8.667641,15.621753,30.063552
109,0,0.019353,5.451511,0.077044,0.006448,5.535003,8.721456,16.505321,30.781587
110,0,0.024048,5.826833,0.079493,0.006215,5.912541,8.235879,15.619389,29.792289
111,0,0.023556,5.653206,0.075619,0.006140,5.734965,7.994277,16.546055,30.299326
112,0,0.022194,4.607573,0.053862,0.007295,4.668730,9.448450,15.562746,29.702568
113,0,0.022855,5.855573,0.076922,0.006035,5.938530,8.358810,15.570821,29.891621
114,0,0.019743,5.613942,0.073933,0.006231,5.694106,8.234672,16.844284,30.793306
115,0,0.026455,5.671044,0.072520,0.005880,5.749444,7.993717,15.755051,29.525244
116,0,0.024360,5.814679,0.073809,0.006685,5.895173,8.749169,15.339967,30.009350
117,0,0.022070,6.288365,0.062474,0.006745,6.357584,7.633552,16.566815,30.580583
118,0,0.019638,5.177792,0.077247,0.006510,5.261549,8.646902,15.777430,29.706004
119,0,0.023070,5.469827,0.076510,0.006016,5.552353,8.836662,15.374591,29.787141
120,0,0.019145,5.305206,0.088970,0.006375,5.400551,8.942861,15.753045,30.116193
121,0,0.019035,5.820097,0.096063,0.005897,5.922057,9.066203,15.571519,30.579370
122,0,0.022216,5.760410,0.075846,0.005762,5.842018,8.188554,15.640268,29.693537
123,0,0.017352,6.234930,0.063317,0.007438,6.305685,9.001681,16.471183,31.796405
124,0,0.016797,5.635349,0.074495,0.005962,5.715806,8.710429,14.888598,29.332108
125,0,0.021051,4.724341,0.071898,0.007021,4.803260,9.599333,16.403525,30.827681
126,0,0.038630,5.663333,0.085116,0.006625,5.755074,7.744803,15.614146,29.153085
127,0,0.020798,5.685797,0.083437,0.006243,5.775477,8.547940,16.588345,30.932921
128,0,0.018438,7.167143,0.152778,0.007987,7.327908,8.056741,13.739240,29.142781
129,0,0.020548,5.528969,0.074417,0.006051,5.609437,9.109951,15.431937,30.172333
130,0,0.018588,5.236480,0.084849,0.006109,5.327438,8.544961,15.331289,29.222718
131,0,0.019309,5.662373,0.075186,0.006101,5.743660,8.634714,16.348550,30.746721
132,0,0.025633,5.308527,0.061222,0.006801,5.376550,8.264974,16.386367,30.054266
133,0,0.018273,5.688651,0.076457,0.006087,5.771195,8.591347,15.516833,29.898130
134,0,0.020315,5.800549,0.072683,0.006845,5.880077,8.634504,15.430370,29.965883
135,0,0.022152,5.280942,0.084947,0.006296,5.372185,8.909683,15.351245,29.655778
136,0,0.020475,5.889581,0.067214,0.006699,5.963494,9.134159,15.372930,30.491789
137,0,0.019622,5.146870,0.075164,0.006037,5.228071,8.884661,16.402058,30.534845
138,0,0.018337,5.505952,0.071467,0.006269,5.583688,7.973257,16.395965,29.971715
139,0,0.019405,4.839720,0.053687,0.007094,4.900501,9.299188,15.662235,29.881752
140,0,0.022306,5.901346,0.073382,0.005386,5.980114,8.458711,15.313145,29.774864
141,0,0.019455,6.118069,0.052461,0.006762,6.177292,8.570664,15.326811,30.094987
142,0,0.017829,4.830685,0.048612,0.006927,4.886224,9.944442,15.368977,30.217894
143,0,0.019025,5.124543,0.050834,0.007012,5.182389,9.597231,15.507505,30.306626
144,0,0.020778,4.592932,0.081888,0.006907,4.681727,9.312559,15.518491,29.534134
145,0,0.018700,4.596205,0.059474,0.006888,4.662567,9.747702,15.603780,30.033522
146,0,0.018979,5.444800,0.093868,0.006685,5.545353,9.580140,15.294709,30.439763
147,0,0.021580,5.891568,0.076225,0.006371,5.974164,7.802419,16.372008,30.170754
148,0,0.017046,5.777717,0.083396,0.006798,5.867911,8.089769,16.450345,30.425549
149,0,0.019381,4.482001,0.047294,0.006764,4.536059,8.985599,16.437579,29.979188
150,0,0.019823,4.597961,0.076249,0.006624,4.680834,9.474189,15.279861,29.455207
151,0,0.018126,4.505698,0.053500,0.011482,4.570680,9.891727,16.461480,30.942464
152,0,0.018399,5.425421,0.070803,0.006684,5.502908,8.550969,15.444387,29.517053
153,0,0.019433,4.918952,0.052791,0.008252,4.979995,9.556362,15.429091,29.985556
154,0,0.019805,4.662920,0.082343,0.007635,4.752898,10.932247,15.575227,31.280663
155,0,0.018788,4.443258,0.064193,0.007498,4.514949,10.140531,15.418052,30.092891
156,0,0.020537,5.657195,0.110920,0.006169,5.774284,8.380532,15.357337,29.533109
157,0,0.020465,6.709422,0.081082,0.005997,6.796501,7.689976,16.409743,30.917160
158,0,0.020074,5.524784,0.073640,0.006339,5.604763,8.037950,16.519615,30.182882
159,0,0.019101,4.932624,0.049329,0.007387,4.989340,9.251976,15.450736,29.711859
160,0,0.021335,4.813969,0.055401,0.007086,4.876456,9.235655,15.414350,29.548368
161,0,0.025447,8.489490,0.155702,0.010730,8.655922,6.864970,13.573847,29.120763
162,0,0.019410,5.414220,0.076489,0.006449,5.497158,9.345031,15.482915,30.345113
163,0,0.021836,4.622432,0.064578,0.006937,4.693947,9.856622,15.617875,30.190986
164,0,0.021056,5.379320,0.071630,0.006289,5.457239,8.492806,16.357906,30.329589
165,0,0.020527,5.366743,0.075214,0.006067,5.448024,8.705009,15.344627,29.518751
166,0,0.021594,4.975675,0.084944,0.006183,5.066802,9.522675,16.344073,30.955750
167,0,0.020799,4.756490,0.048960,0.006872,4.812322,8.870394,16.371156,30.075758
168,0,0.018374,5.165197,0.092085,0.006525,5.263807,8.845524,15.442826,29.570880
169,0,0.017311,4.512407,0.060709,0.007086,4.580202,10.052531,15.531613,30.182221
170,0,0.018654,4.560816,0.088108,0.007788,4.656712,9.625224,15.497326,29.798467
171,0,0.021401,5.562721,0.049260,0.007106,5.619087,9.165397,15.383265,30.189675
172,0,0.021365,5.575302,0.084007,0.007240,5.666549,8.929756,15.304157,29.923223
173,0,0.017187,5.745825,0.068300,0.007525,5.821650,8.776956,15.465787,30.082054
174,0,0.017892,4.489138,0.047736,0.006869,4.543743,10.180172,15.429774,30.172160
175,0,0.019921,5.378659,0.073004,0.006087,5.457750,9.327735,15.360859,30.167031
176,0,0.018803,6.374263,0.090962,0.006036,6.471261,7.513546,16.551677,30.555744
177,0,0.018481,5.321237,0.089650,0.005994,5.416881,8.472667,15.737962,29.646390
178,0,0.017476,5.403407,0.079938,0.006619,5.489964,9.238478,15.508357,30.254649
179,0,0.017751,4.386618,0.070849,0.007568,4.465035,10.376434,15.489319,30.349125
180,0,0.018317,4.995271,0.048036,0.006940,5.050247,9.158148,16.359825,30.587166
181,0,0.018510,5.103532,0.049419,0.006774,5.159725,8.327709,16.389644,29.896235
182,0,0.019581,5.371019,0.112969,0.006666,5.490654,8.566385,15.437426,29.514589
183,0,0.016773,4.591070,0.059598,0.007437,4.658105,9.775767,16.406907,30.858016
184,0,0.018987,4.649833,0.098281,0.006558,4.754672,9.442300,15.556589,29.773213
185,0,0.021067,4.877203,0.085955,0.007002,4.970160,9.433587,0.242179,14.667363
186,0,0.006900,4.492779,0.070926,0.006663,4.570368,11.643981,15.449358,31.671324
187,0,0.018640,4.538186,0.091103,0.006070,4.635359,9.470374,15.527639,29.652546
188,0,0.021666,5.154144,0.083732,0.006761,5.244637,9.542792,15.450676,30.260382
189,0,0.019277,5.823817,0.071626,0.007121,5.902564,8.525915,15.557786,30.006048
190,0,0.021336,4.793311,0.086570,0.006625,4.886506,9.667804,15.333238,29.909378
191,0,0.019969,5.708626,0.078688,0.006525,5.793839,9.169030,15.365147,30.348357
192,0,0.016360,6.072411,0.074828,0.005919,6.153158,8.268697,16.332778,30.771351
193,0,0.016592,5.063808,0.048599,0.007322,5.119729,8.288604,15.478287,28.903736
194,0,0.018417,5.123102,0.236267,0.006263,5.365632,8.868583,16.351776,30.604908
195,0,0.024566,5.371116,0.095652,0.006249,5.473017,8.236822,15.443850,29.178981
196,0,0.018969,5.695965,0.072041,0.006577,5.774583,9.186498,15.627827,30.608451
197,0,0.019647,5.531412,0.076513,0.005983,5.613908,8.485558,16.420292,30.539926
198,0,0.019696,5.411557,0.087393,0.006597,5.505547,8.413901,15.324849,29.264539
199,0,0.020613,4.461242,0.069830,0.006464,4.537536,10.209126,16.295452,31.063444
200,0,0.018545,4.657560,0.052891,0.007948,4.718399,9.264123,15.377517,29.379047
201,0,0.018115,5.155229,0.077604,0.006078,5.238911,9.583444,15.421656,30.262496
202,0,0.017867,4.452979,0.050511,0.006700,4.510190,9.990386,15.455576,29.974581
203,0,0.020775,5.351346,0.077092,0.006044,5.434482,9.129977,16.370167,30.955936
204,0,0.020544,5.827865,0.095418,0.006842,5.930125,8.021519,15.310662,29.283322
205,0,0.019493,4.916240,0.069868,0.007614,4.993722,9.345325,16.482148,30.841067
206,0,0.015718,4.697221,0.125020,0.006328,4.828569,8.542050,16.329742,29.716529
207,0,0.018518,4.776674,0.058994,0.007760,4.843428,9.627233,15.581041,30.070671
208,0,0.017941,4.446736,0.068865,0.007302,4.522903,10.393114,15.535431,30.470013
209,0,0.024549,5.399009,0.073823,0.006219,5.479051,8.990125,15.307477,29.801746
210,0,0.019774,5.472305,0.081283,0.006552,5.560140,8.379023,16.410813,30.370414
211,0,0.018589,5.299353,0.095086,0.006051,5.400490,8.443180,16.473639,30.336267
212,0,0.017710,4.608553,0.071852,0.005842,4.686247,9.556897,15.360087,29.621505
213,0,0.020763,4.897858,0.070340,0.006528,4.974726,9.225560,16.631937,30.853555
214,0,0.023057,4.773791,0.074581,0.006474,4.854846,8.735568,16.426458,30.040455
215,0,0.020867,4.469390,0.096470,0.006408,4.572268,8.777546,16.375559,29.746789
216,0,0.018124,4.816606,0.081328,0.006316,4.904250,9.049826,16.319121,30.291756
217,0,0.018940,4.707423,0.054224,0.006822,4.768469,10.144745,16.462434,31.395364
218,0,0.020937,5.556793,0.079513,0.006037,5.642343,7.734780,16.484650,29.883077
219,0,0.018160,5.438091,0.091401,0.015860,5.545352,8.105777,16.319749,29.989503
220,0,0.021790,3.805019,0.054509,0.007090,3.866618,10.717592,15.700761,30.307156
221,0,0.019093,5.946326,0.130202,0.007115,6.083643,7.602597,15.753867,29.459605
222,0,0.018832,5.410564,0.080022,0.006392,5.496978,9.229605,16.321720,31.067598
223,0,0.018178,4.654050,0.048281,0.007093,4.709424,9.387479,15.389732,29.505402
224,0,0.023458,5.418255,0.091700,0.006619,5.516574,8.356322,15.597185,29.494041
225,0,0.020559,4.582919,0.053629,0.006690,4.643238,9.014580,16.426323,30.105137
226,0,0.017640,5.280633,0.081927,0.009232,5.371792,9.016643,15.359078,29.765699
227,0,0.019781,5.164259,0.086239,0.006191,5.256689,9.322187,15.476583,30.075698
228,0,0.020300,5.278240,0.101830,0.006364,5.386434,8.664717,16.340303,30.412236
229,0,0.020424,6.057385,0.110964,0.005889,6.174238,8.442540,15.515278,30.152929
230,0,0.019761,5.033600,0.072410,0.006766,5.112776,9.356191,15.345805,29.834877
231,0,0.018350,5.989077,0.072019,0.006518,6.067614,8.661410,15.324320,30.072172
232,0,0.021002,4.879645,0.075162,0.007887,4.962694,9.281380,16.357278,30.622945
233,0,0.020160,4.785303,0.054795,0.007241,4.847339,9.169024,16.386178,30.423296
234,0,0.021174,5.264424,0.108789,0.006115,5.379328,8.045827,16.800840,30.247760
235,0,0.022437,10.845195,0.188766,0.006113,11.040074,12.345156,5.802764,29.210821
236,0,0.016778,8.866168,0.129743,0.005898,9.001809,12.368200,8.784456,30.171715
237,0,0.018117,6.163780,0.111061,0.006101,6.280942,12.139972,11.657398,30.097010
238,0,0.023879,4.700460,0.057785,0.006694,4.764939,10.100362,15.677856,30.567533
239,0,0.019717,4.758845,0.082197,0.006622,4.847664,9.301887,15.472564,29.642391
240,0,0.020999,4.629220,0.049675,0.007067,4.685962,9.827947,16.366564,30.902120
241,0,0.018592,6.284911,0.057895,0.006887,6.349693,7.360034,16.223974,29.952946
242,0,0.017217,5.356382,0.081292,0.006427,5.444101,8.731036,16.312169,30.505008
243,0,0.019796,4.588300,0.110731,0.007071,4.706102,9.032589,15.482515,29.241580
244,0,0.018000,4.553661,0.052786,0.006933,4.613380,10.423206,15.397674,30.452719
245,0,0.017832,5.472917,0.061140,0.007007,5.541064,8.717270,15.580886,29.857659
246,0,0.018492,4.396039,0.051582,0.007085,4.454706,10.651310,14.923820,30.048803
247,0,0.015734,4.713077,0.096112,0.006568,4.815757,9.604341,16.413209,30.849673
248,0,0.020780,4.657470,0.065363,0.007228,4.730061,8.986389,1.301231,15.039040
249,0,0.007605,4.287365,0.120588,0.006531,4.414484,10.972152,15.465722,30.860610
250,0,0.017535,4.618539,0.066859,0.006563,4.691961,9.165377,16.478267,30.353773
251,0,0.020688,5.514768,0.089057,0.006813,5.610638,9.055933,15.525624,30.213348
252,0,0.017366,6.054290,0.088981,0.007139,6.150410,8.756725,14.527223,29.452216
253,0,0.017972,4.643128,0.049437,0.006763,4.699328,10.157466,15.413875,30.289219
254,0,0.016564,5.664602,0.074394,0.006155,5.745151,8.815967,15.366795,29.944847
255,0,0.016852,5.552670,0.132592,0.006014,5.691276,9.274396,15.352197,30.335415
256,0,0.019224,5.008776,0.099930,0.006203,5.114909,8.516837,15.427508,29.078954
257,0,0.021420,4.300222,0.050299,0.006893,4.357414,10.368947,15.355325,30.103820
258,0,0.020864,4.420918,0.065553,0.007270,4.493741,9.753165,15.803653,30.072034
259,0,0.018121,5.792703,0.093281,0.008123,5.894107,8.499069,16.441146,30.852811
260,0,0.017427,4.597383,0.049104,0.007095,4.653582,9.319754,16.441196,30.432347
261,0,0.020368,4.820859,0.070100,0.007247,4.898206,8.884116,15.491922,29.294994
262,0,0.018527,5.555648,0.134470,0.039816,5.729934,10.003379,14.486160,30.238426
263,0,0.018764,4.344929,0.046471,0.006643,4.398043,9.673573,16.433782,30.524804
264,0,0.019137,4.360685,0.086706,0.006784,4.454175,9.508634,16.332986,30.315727
265,0,0.018623,4.638910,0.057776,0.006908,4.703594,9.270635,15.654559,29.648078
266,0,0.018793,4.291610,0.053760,0.006706,4.352076,9.894602,16.495559,30.761723
267,0,0.018761,4.986598,0.078969,0.007269,5.072836,9.041439,15.412939,29.546534
268,0,0.020363,4.409212,0.061131,0.006774,4.477117,10.074846,15.389439,29.962249
269,0,0.017566,5.291701,0.055898,0.007167,5.354766,9.353881,15.315327,30.042235
270,0,0.019711,4.785099,0.093166,0.006681,4.884946,10.221584,15.338076,30.464874
271,0,0.018642,5.251882,0.050063,0.007118,5.309063,8.692505,16.451608,30.472183
272,0,0.022474,5.874499,0.050172,0.007282,5.931953,8.790000,14.523521,29.268433
273,0,0.017176,5.345110,0.048669,0.006756,5.400535,9.313098,16.426688,31.158242
274,0,0.016883,4.568487,0.052584,0.006829,4.627900,9.288103,15.429287,29.362810
275,0,0.017263,4.302356,0.052118,0.006888,4.361362,9.780123,16.303526,30.462896
276,0,0.018434,5.097891,0.050941,0.006784,5.155616,8.784870,16.589214,30.548555
277,0,0.020261,4.590653,0.070178,0.006810,4.667641,9.065956,15.583881,29.338831
278,0,0.020440,4.847013,0.067058,0.007294,4.921365,9.705543,15.449550,30.097269
279,0,0.018101,4.773886,0.085866,0.007321,4.867073,9.567438,16.368197,30.821452
280,0,0.022345,4.661498,0.052128,0.006927,4.720553,10.169492,16.300385,31.214042
281,0,0.017202,4.676103,0.076813,0.007113,4.760029,8.868700,16.520295,30.167006
282,0,0.019166,4.286699,0.063792,0.007425,4.357916,10.848016,14.470453,29.696049
283,0,0.017463,4.516431,0.059854,0.006842,4.583127,10.327235,14.740873,29.669333
284,0,0.016977,4.313054,0.048222,0.006953,4.368229,10.657234,15.362770,30.405627
285,0,0.019603,5.093921,0.048507,0.006681,5.149109,9.596646,15.590173,30.355972
286,0,0.019689,4.386048,0.059107,0.007017,4.452172,10.314053,15.484396,30.270973
287,0,0.020701,5.060875,0.056170,0.007173,5.124218,9.171237,14.585062,28.901806
288,0,0.023087,6.050887,0.152382,0.006634,6.209903,12.821922,10.716511,29.771916
289,0,0.019532,4.459554,0.049159,0.007306,4.516019,10.296711,15.429436,30.262306
290,0,0.019004,4.227286,0.052900,0.006768,4.286954,10.656345,15.501358,30.464141
291,0,0.019588,4.897705,0.061354,0.007207,4.966266,8.762859,16.605578,30.354896
292,0,0.019910,4.987567,0.050125,0.006972,5.044664,8.541004,16.723656,30.329728
293,0,0.023995,6.059168,0.085879,0.007197,6.152244,11.254627,12.549517,29.980972
294,0,0.021591,6.089839,0.099633,0.007160,6.196632,12.288660,11.549321,30.056853
295,0,0.016547,4.919908,0.054634,0.007044,4.981586,8.847236,15.905104,29.751053
296,0,0.022234,4.469789,0.051597,0.006827,4.528213,10.250737,15.374763,30.176522
297,0,0.023819,5.003070,0.070520,0.006773,5.080363,9.621095,15.547346,30.273151
298,0,0.020441,4.375573,0.058536,0.007122,4.441231,9.392872,16.680195,30.535363
299,0,0.018998,5.275831,0.048892,0.006675,5.331398,10.737685,13.721327,29.810138
300,0,0.019631,4.915967,0.049995,0.007167,4.973129,10.328148,14.463544,29.784920
301,0,0.020169,4.798011,0.060477,0.006760,4.865248,10.180821,15.599307,30.666146
302,0,0.021722,6.245651,0.127882,0.006723,6.380256,9.072731,14.625275,30.100664
303,0,0.023549,4.488945,0.052755,0.006835,4.548535,9.786192,15.346440,29.705377
304,0,0.019840,5.081284,0.052603,0.007174,5.141061,9.514989,15.542234,30.218565
305,0,0.016223,5.741412,0.048237,0.007144,5.796793,12.776352,11.599353,30.189297
306,0,0.018017,4.453945,0.144300,0.006920,4.605165,9.511098,16.537282,30.672298
307,0,0.018543,4.346653,0.151156,0.006721,4.504530,9.789340,15.534375,29.847500
308,0,0.020565,5.726358,0.064784,0.007226,5.798368,10.084542,13.698925,29.603113
309,0,0.018231,4.846184,0.066197,0.007461,4.919842,10.654681,14.575809,30.169001
310,0,0.018930,4.387964,0.060851,0.006516,4.455331,9.870293,15.664218,30.009514
311,0,0.024947,5.166255,0.050414,0.007196,5.223865,10.157390,16.454148,31.861018
312,0,0.023718,4.692795,0.065495,0.007077,4.765367,10.047662,14.652235,29.489405
313,0,0.017184,4.989660,0.076606,0.006822,5.073088,11.265401,13.626832,29.982961
314,0,0.019815,4.525027,0.089477,0.007340,4.621844,9.607498,16.514227,30.764176
315,0,0.020221,4.885605,0.070729,0.006809,4.963143,9.406236,15.541048,29.931348
316,0,0.018202,4.247927,0.139938,0.007634,4.395499,9.846188,16.307676,30.568124
317,0,0.017187,4.501412,0.065640,0.007267,4.574319,9.516807,15.321793,29.431162
318,0,0.015978,4.465058,0.049047,0.006929,4.521034,9.619904,15.554558,29.712029
319,0,0.019000,4.512054,0.139601,0.007351,4.659006,10.435487,14.652127,29.766070
320,0,0.018277,5.233217,0.048675,0.007125,5.289017,9.888007,14.615304,29.811103
321,0,0.016979,4.481691,0.054981,0.006820,4.543492,9.903345,16.628464,31.092880
322,0,0.013645,4.420090,0.061663,0.006680,4.488433,10.564226,14.550368,29.617188
323,0,0.017736,4.387495,0.056142,0.006824,4.450461,9.870947,15.686629,30.026437
324,0,0.020575,4.815085,0.049423,0.007207,4.871715,10.764453,14.521537,30.178803
325,0,0.022246,4.881244,0.050486,0.006904,4.938634,9.878784,15.571122,30.411254
326,0,0.016288,4.852447,0.092904,0.007229,4.952580,9.631132,15.668732,30.269192
327,0,0.014000,4.537189,0.094699,0.007334,4.639222,11.083146,14.362779,30.099707
328,0,0.017967,5.799194,0.090923,0.006723,5.896840,11.079392,12.553124,29.547830
329,0,0.018387,4.462886,0.048254,0.006602,4.517742,10.253646,15.693699,30.484091
330,0,0.016674,4.540765,0.114006,0.006614,4.661385,10.952391,14.479046,30.109934
331,0,0.073088,6.743635,0.056266,0.007096,6.806997,11.854706,11.585067,30.320363
332,0,0.018864,4.306618,0.089220,0.007003,4.402841,10.326180,15.593951,30.342274
333,0,0.018963,4.188465,0.051997,0.007193,4.247655,10.377690,14.639660,29.284607
334,0,0.021070,4.447134,0.100790,0.007228,4.555152,10.096434,15.659944,30.333135
335,0,0.021410,4.906021,0.053225,0.007161,4.966407,10.832629,14.594756,30.415730
336,0,0.061441,4.655627,0.075297,0.006980,4.737904,10.442164,14.767450,30.009577
337,0,0.016435,4.273207,0.065655,0.006918,4.345780,11.620627,14.539857,30.523283
338,0,0.019277,4.348519,0.048746,0.007106,4.404371,10.023726,15.703522,30.151467
339,0,0.017930,4.946017,0.046675,0.007180,4.999872,11.133626,13.592328,29.744391
340,0,0.015003,4.974158,0.084918,0.007209,5.066285,9.950418,15.527935,30.560147
341,0,0.021697,4.810034,0.052028,0.006798,4.868860,10.955108,13.663056,29.509447
342,0,0.016362,5.197344,0.096787,0.006488,5.300619,10.537344,14.561389,30.416270
343,0,0.018290,4.895300,0.135042,0.023589,5.053931,10.260873,15.572158,30.905702
344,0,0.017691,4.347772,0.088218,0.007133,4.443123,11.551705,14.543762,30.556880
345,0,0.022174,4.747293,0.053475,0.006962,4.807730,10.623841,14.539973,29.994276
346,0,0.020688,4.989542,0.063744,0.006828,5.060114,11.256265,13.660926,29.998705
347,0,0.013057,5.135580,0.055156,0.006864,5.197600,10.176520,14.607462,29.995244
348,0,0.018254,4.314477,0.055815,0.007408,4.377700,10.333728,15.589098,30.319345
349,0,0.020534,4.580738,0.061602,0.006689,4.649029,11.850263,12.515510,29.036005
350,0,0.026612,5.502096,0.049344,0.006859,5.558299,10.761489,13.598276,29.945191
351,0,0.023811,5.594177,0.049830,0.007031,5.651038,12.565148,11.585015,29.825508
352,0,0.017387,4.294166,0.066814,0.006758,4.367738,11.182069,15.481546,31.049141
353,0,0.016493,4.244532,0.059866,0.006957,4.311355,11.209593,14.518961,30.057048
354,0,0.020742,5.199502,0.124745,0.006362,5.330609,11.672169,12.426129,29.450039
355,0,0.018248,4.587580,0.063016,0.006947,4.657543,11.701840,14.548810,30.927138
356,0,0.018775,5.057141,0.050940,0.006853,5.114934,10.848650,13.674517,29.657406
357,0,0.019044,4.300775,0.082967,0.006986,4.390728,11.112460,14.627879,30.150836
358,0,0.017397,5.215660,0.050024,0.007083,5.272767,12.845986,11.628722,29.765468
359,0,0.022050,4.651994,0.093738,0.007266,4.752998,11.082213,14.518176,30.376149
360,0,0.021839,6.568657,0.100056,0.007259,6.675972,11.172189,12.571002,30.441635
361,0,0.020726,4.755128,0.123646,0.007038,4.885812,11.317964,13.635560,29.860729
362,0,0.018257,4.235538,0.048772,0.007075,4.291385,11.066154,14.596635,29.973055
363,0,0.017924,4.255995,0.066588,0.006960,4.329543,11.373407,14.632779,30.354410
364,0,0.020885,5.047367,0.053270,0.006942,5.107579,12.865928,12.497735,30.492698
365,0,0.018390,5.158837,0.086187,0.007070,5.252094,11.602619,13.420898,30.294709
366,0,0.015029,5.707543,0.052461,0.006990,5.766994,11.184067,12.413972,29.380653
367,0,0.018283,4.650892,0.048455,0.007229,4.706576,12.097096,13.586489,30.409244
368,0,0.018771,4.337038,0.060802,0.006791,4.404631,11.637201,14.646828,30.707951
369,0,0.020240,4.280938,0.046716,0.006941,4.334595,11.428678,13.649243,29.433387
370,0,0.030592,6.356797,0.050692,0.007110,6.414599,11.489409,12.539943,30.475171
371,0,0.019085,5.395519,0.054556,0.006834,5.456909,12.252872,12.531381,30.260824
372,0,0.016171,4.532257,0.091869,0.007255,4.631381,12.416129,12.613570,29.677880
373,0,0.020312,4.313175,0.055601,0.006928,4.375704,12.000230,13.723079,30.120004
374,0,0.022833,4.653812,0.052817,0.006792,4.713421,12.818419,13.633753,31.189046
375,0,0.021417,5.583539,0.095778,0.007588,5.686905,12.469174,11.491579,29.669768
376,0,0.019552,4.931855,0.050270,0.007226,4.989351,12.354172,13.509180,30.872709
377,0,0.019759,5.008888,0.059731,0.006154,5.074773,14.047618,10.541501,29.684052
378,0,0.018470,4.415692,0.054836,0.006625,4.477153,12.364982,13.629589,30.490920
379,0,0.017055,4.613494,0.133993,0.007731,4.755218,12.009269,13.528390,30.310471
380,0,0.020347,5.164831,0.222593,0.005760,5.393184,11.630784,12.583374,29.628331
381,0,0.020950,5.781070,0.051732,0.007071,5.839873,11.934827,11.554294,29.350432
382,0,0.017600,4.361951,0.078111,0.006067,4.446129,12.762875,12.698167,29.925363
383,0,0.019066,5.037243,0.074069,0.006183,5.117495,12.341339,12.604769,30.083205
384,0,0.019819,5.007372,0.050995,0.006872,5.065239,11.478765,13.493317,30.057865
385,0,0.023223,5.573196,0.065181,0.006937,5.645314,13.503456,11.501907,30.674486
386,0,0.018409,5.069659,0.050701,0.006766,5.127126,11.740257,13.570317,30.456714
387,0,0.019568,4.347440,0.053897,0.007130,4.408467,12.935360,12.645822,30.009829
388,0,0.014145,4.225106,0.048597,0.006917,4.280620,14.220874,10.646231,29.162340
389,0,0.018286,4.808842,0.156257,0.007101,4.972200,13.070453,12.531677,30.593076
390,0,0.018370,5.598644,0.153323,0.007266,5.759233,14.303464,9.624313,29.705959
391,0,0.019151,5.229448,0.066352,0.006852,5.302652,14.697069,10.599454,30.618844
392,0,0.015615,5.222582,0.054520,0.006763,5.283865,12.500124,12.557215,30.357372
393,0,0.016044,4.254864,0.086660,0.006875,4.348399,13.394098,12.541846,30.300932
394,0,0.019731,4.215272,0.050852,0.006875,4.272999,13.960949,11.628367,29.882624
395,0,0.019161,4.877889,0.071735,0.006876,4.956500,12.113822,12.592319,29.682416
396,0,0.021267,4.278863,0.050323,0.007069,4.336255,13.219950,12.501266,30.079184
397,0,0.016484,4.341567,0.159299,0.007088,4.507954,13.442009,12.666543,30.633514
398,0,0.015999,5.564925,0.066825,0.007246,5.638996,14.282129,9.536692,29.474258
399,0,0.016846,5.395136,0.086816,0.008044,5.489996,12.217585,13.437410,31.162350
400,0,0.018478,5.722787,0.106058,0.009493,5.838338,12.227210,11.528952,29.613574
401,0,0.021878,4.457996,0.049472,0.006772,4.514240,12.741171,12.621966,29.899792
402,0,0.018504,4.289738,0.060058,0.006651,4.356447,12.610615,13.553652,30.539817
403,0,0.018579,4.245500,0.062690,0.006956,4.315146,14.060937,11.534958,29.930149
404,0,0.020897,5.281377,0.052412,0.006588,5.340377,12.985526,11.609316,29.956594
405,0,0.017086,4.336499,0.073933,0.006848,4.417280,12.908338,14.582639,31.925921
406,0,0.024735,5.159426,0.064887,0.007407,5.231720,12.660683,11.619657,29.537310
407,0,0.016450,4.737567,0.148011,0.006617,4.892195,13.682255,11.483413,30.074712
408,0,0.019040,4.402245,0.074909,0.006919,4.484073,13.364482,12.663200,30.531374
409,0,0.021299,4.415698,0.079571,0.007045,4.502314,13.327543,11.647978,29.499795
410,0,0.018177,4.410684,0.057027,0.006651,4.474362,12.382955,13.553123,30.429075
411,0,0.019118,4.591441,0.053594,0.007079,4.652114,12.867071,12.802018,30.340963
412,0,0.014908,4.699491,0.093907,0.007228,4.800626,14.281127,9.579895,28.677166
413,0,0.019874,4.347679,0.055637,0.007291,4.410607,14.341897,11.764344,30.537335
414,0,0.028589,4.826843,0.049502,0.007131,4.883476,12.834176,12.570149,30.317016
415,0,0.018717,4.414617,0.061460,0.007185,4.483262,14.661198,10.742217,29.905912
416,0,0.020578,4.077984,0.049733,0.007300,4.135017,12.673708,13.639567,30.469365
417,0,0.015263,5.011081,0.128795,0.007226,5.147102,15.302485,8.667332,29.132705
418,0,0.016159,4.228917,0.050412,0.006789,4.286118,13.436284,12.681799,30.420987
419,0,0.020284,4.499293,0.050644,0.006648,4.556585,14.538378,11.625617,30.741410
420,0,0.022394,4.902057,0.133017,0.006491,5.041565,13.087583,11.516051,29.668256
421,0,0.016668,4.624095,0.060814,0.007214,4.692123,14.596578,10.619066,29.924952
422,0,0.018288,4.825056,0.264703,0.006728,5.096487,14.000461,11.495290,30.611002
423,0,0.015544,4.386377,0.095097,0.006597,4.488071,14.167725,11.752277,30.424213
424,0,0.020755,5.542091,0.155496,0.006412,5.703999,14.500181,9.635278,29.860615
425,0,0.017937,5.674894,0.093827,0.007416,5.776137,14.472632,9.584781,29.852157
426,0,0.021086,4.320542,0.059393,0.006866,4.386801,14.228243,11.635735,30.272540
427,0,0.020109,4.282425,0.065644,0.006903,4.354972,14.320087,11.707743,30.403417
428,0,0.020759,4.258249,0.063074,0.007049,4.328372,14.674929,10.505869,29.530576
429,0,0.019576,4.311025,0.099919,0.006329,4.417273,15.918062,10.538935,30.894577
430,0,0.019189,4.999027,0.062949,0.007077,5.069053,14.809884,9.614678,29.513453
431,0,0.016540,4.504128,0.127128,0.007069,4.638325,14.806423,10.656568,30.118445
432,0,0.011643,4.318523,0.049351,0.007064,4.374938,15.418967,10.526571,30.332760
433,0,0.017525,4.397986,0.050120,0.006951,4.455057,14.261503,11.565458,30.300383
434,0,0.021880,4.910184,0.049885,0.006869,4.966938,14.166062,10.665186,29.820692
435,0,0.017701,4.367647,0.121579,0.007810,4.497036,13.978765,11.569139,30.063138
436,0,0.018539,4.254245,0.063326,0.006829,4.324400,14.578369,12.727528,31.649281
437,0,0.017969,4.272944,0.054322,0.007242,4.334508,14.503397,10.626417,29.482813
438,0,0.013093,4.418768,0.082240,0.006883,4.507891,13.434512,12.641552,30.597748
439,0,0.018483,4.444183,0.052784,0.006976,4.503943,14.917919,10.356059,29.797290
440,0,0.013653,4.230472,0.067194,0.006921,4.304587,14.370344,11.740108,30.429306
441,0,0.018282,4.620430,0.067697,0.007496,4.695623,14.867164,9.553172,29.134703
442,0,0.018113,4.395740,0.059031,0.007631,4.462402,14.126145,11.564916,30.172182
443,0,0.017118,4.170613,0.066399,0.006906,4.243918,14.295006,10.609046,29.165803
444,0,0.019820,5.148763,0.053619,0.006983,5.209365,14.644697,9.548272,29.422629
445,0,0.014440,4.246546,0.055053,0.006999,4.308598,14.231422,11.611181,30.166291
446,0,0.015505,4.416604,0.091150,0.007405,4.515159,14.771671,10.519460,29.822321
447,0,0.017667,4.264641,0.058757,0.006780,4.330178,15.122211,10.530125,30.000675
448,0,0.015856,4.587396,0.068982,0.006783,4.663161,14.243701,11.572885,30.496191
449,0,0.041945,4.808561,0.086373,0.007313,4.902247,15.590133,8.525275,29.060272
450,0,0.017080,4.356389,0.052398,0.006819,4.415606,16.574567,9.680949,30.688698
451,0,0.017739,4.285182,0.049526,0.007639,4.342347,14.803499,10.526726,29.690826
452,0,0.016636,4.902421,0.048432,0.006964,4.957817,14.739339,10.615412,30.329888
453,0,0.019757,3.853096,0.051994,0.010839,3.915929,15.183947,10.631335,29.751482
454,0,0.018757,4.260204,0.053805,0.006953,4.320962,14.512945,10.668632,29.521926
455,0,0.021680,4.858298,0.072964,0.007156,4.938418,14.505373,10.585793,30.051763
456,0,0.069228,4.555128,0.059084,0.006981,4.621193,15.645081,9.459343,29.795319
457,0,0.012197,5.037234,0.049479,0.006772,5.093485,16.010122,8.581619,29.698041
458,0,0.010854,4.824885,0.081918,0.007069,4.913872,15.159620,9.494946,29.579746
459,0,0.027541,5.165887,0.305422,0.010132,5.481441,14.904937,9.794381,30.208998
460,0,0.018770,4.458906,0.054183,0.006694,4.519783,15.810830,9.556319,29.906313
461,0,0.015878,4.591000,0.054429,0.007137,4.652566,15.137834,10.575875,30.382733
462,0,0.014064,4.328785,0.076613,0.006340,4.411738,15.233961,9.489792,29.150050
463,0,0.017062,4.220115,0.060332,0.006890,4.287337,15.069345,10.609009,29.983341
464,0,0.017155,4.249824,0.115278,0.006635,4.371737,15.427273,10.590470,30.407061
465,0,0.017272,5.736322,0.074854,0.006692,5.817868,15.534569,8.489490,29.860039
466,0,0.012684,4.359027,0.067909,0.006847,4.433783,15.199542,10.554672,30.201098
467,0,0.017185,4.213777,0.080428,0.007227,4.301432,17.308370,8.665029,30.292552
468,0,0.014277,4.084899,0.051907,0.007277,4.144083,15.842186,9.602845,29.603957
469,0,0.020208,5.012033,0.077524,0.007344,5.096901,15.348327,9.504542,29.970452
470,0,0.020898,4.768774,0.053722,0.006875,4.829371,15.046241,10.539745,30.436757
471,0,0.016617,4.309822,0.051830,0.006841,4.368493,16.839993,8.517499,29.743114
472,0,0.011174,4.384302,0.059968,0.007022,4.451292,16.113034,9.637207,30.213108
473,0,0.013184,4.367773,0.047003,0.007112,4.421888,17.066265,7.649311,29.151124
474,0,0.015641,4.494985,0.051254,0.007065,4.553304,15.116304,9.593492,29.279387
475,0,0.021336,4.475341,0.054269,0.007137,4.536747,16.537203,8.705496,29.801414
476,0,0.019622,4.244552,0.052604,0.007155,4.304311,16.957381,8.639814,29.921837
477,0,0.020687,4.365360,0.052750,0.007114,4.425224,18.295090,6.686526,29.428027
478,0,0.015821,4.195972,0.058831,0.006473,4.261276,16.448257,9.542411,30.268221
479,0,0.018250,5.375863,0.051987,0.006534,5.434384,16.628469,7.489617,29.571227
480,0,0.013970,5.741063,0.089249,0.006957,5.837269,15.838976,8.582964,30.273666
481,0,0.016043,5.325079,0.052619,0.021461,5.399159,17.214213,7.536627,30.166415
482,0,0.011262,6.096045,0.098952,0.007104,6.202101,16.533892,6.582622,29.330391
483,0,0.010466,4.242845,0.049537,0.006533,4.298915,15.844002,10.548805,30.702866
484,0,0.022617,4.884963,0.051601,0.007287,4.943851,16.313242,8.573290,29.853629
485,0,0.020341,4.173561,0.068690,0.007108,4.249359,16.133419,9.744940,30.148671
486,0,0.019288,4.399430,0.073419,0.006745,4.479594,16.875268,7.610089,28.984654
487,0,0.016591,4.224114,0.050656,0.007102,4.281872,16.502729,9.666538,30.468353
488,0,0.017865,4.466415,0.060145,0.007085,4.533645,17.771261,7.626163,29.949535
489,0,0.021445,5.870508,0.074402,0.006730,5.951640,18.202966,5.623295,29.799951
490,0,0.019188,5.720102,0.102108,0.007463,5.829673,17.585274,6.566731,30.001370
491,0,0.022901,4.945082,0.125003,0.006991,5.077076,16.821915,7.488400,29.410722
492,0,0.011386,4.414018,0.050593,0.006867,4.471478,18.253414,7.534320,30.271107
493,0,0.016499,4.425483,0.050239,0.006855,4.482577,17.513583,7.698327,29.711547
494,0,0.016663,4.190664,0.063863,0.006990,4.261517,16.681295,8.812716,29.772728
495,0,0.017969,4.524535,0.104725,0.006987,4.636247,16.786533,8.596996,30.038454
496,0,0.017664,4.919869,0.089883,0.007344,5.017096,16.970004,7.555019,29.560298
497,0,0.014687,4.781971,0.050502,0.006973,4.839446,18.731959,6.449046,30.035676
498,0,0.010453,4.465689,0.050139,0.007131,4.522959,17.516349,8.564114,30.614373
499,0,0.012012,4.834935,0.087934,0.006974,4.929843,17.270694,8.644590,30.857613
500,0,0.015303,5.286897,0.096942,0.007454,5.391293,17.266492,6.605997,29.279708
501,0,0.015629,5.287125,0.091457,0.006588,5.385170,17.029125,7.579035,30.009596
502,0,0.011968,4.882369,0.050968,0.006687,4.940024,17.596138,7.735813,30.284453
503,0,0.013588,4.097935,0.053793,0.007039,4.158767,17.284087,8.538457,29.995462
504,0,0.017112,4.681683,0.103650,0.006956,4.792289,17.001654,7.570803,29.382244
505,0,0.017267,5.882033,0.060034,0.006977,5.949044,19.009336,3.634294,28.610256
506,0,0.017477,4.405805,0.078266,0.006897,4.490968,18.874973,6.505453,29.889459
507,0,0.018004,4.240540,0.092405,0.007363,4.340308,18.025200,7.668259,30.052358
508,0,0.010679,4.652211,0.067235,0.006937,4.726383,18.800342,6.705558,30.243636
509,0,0.021274,5.000702,0.096801,0.006404,5.103907,18.625011,5.543854,29.294554
510,0,0.014092,5.062706,0.057033,0.007148,5.126887,17.770439,7.535544,30.447504
511,0,0.015416,4.202662,0.078359,0.006714,4.287735,18.662058,6.663081,29.628799
512,0,0.014872,4.001578,0.052643,0.006604,4.060825,19.081669,6.634255,29.791975
513,0,0.014533,4.694500,0.053142,0.006901,4.754543,18.683924,6.593634,30.047054
514,0,0.011768,5.234290,0.101905,0.007062,5.343257,17.661193,6.720179,29.737114
515,0,0.015890,5.158403,0.086428,0.007378,5.252209,20.473580,4.595807,30.338033
516,0,0.014161,4.373648,0.059147,0.006889,4.439684,19.938644,5.501090,29.894035
517,0,0.012435,4.898421,0.084412,0.007143,4.989976,20.394586,4.317713,29.715243
518,0,0.012429,4.991418,0.095853,0.006365,5.093636,19.387125,5.560993,30.054787
519,0,0.017886,4.168756,0.223973,0.006742,4.399471,18.698288,6.577528,29.693661
520,0,0.014157,4.189951,0.091370,0.005722,4.287043,18.223234,7.596763,30.121671
521,0,0.022303,4.335738,0.049702,0.007005,4.392445,19.210335,6.516410,30.142037
522,0,0.012696,5.062230,0.094601,0.007151,5.163982,18.083611,6.550437,29.811166
523,0,0.011179,4.684266,0.085031,0.006244,4.775541,19.081252,5.647402,29.515793
524,0,0.013702,4.275932,0.079329,0.006475,4.361736,18.684565,7.567676,30.628345
525,0,0.012874,5.465316,0.217702,0.006387,5.689405,19.264128,4.617215,29.584158
526,0,0.014200,4.228250,0.050606,0.007345,4.286201,19.012769,6.631843,29.945404
527,0,0.011278,4.159713,0.063273,0.006913,4.229899,20.013205,5.764691,30.019581
528,0,0.013865,4.273894,0.063191,0.007349,4.344434,19.152294,5.600510,29.111659
529,0,0.016920,4.984037,0.064951,0.006739,5.055727,18.860855,6.533455,30.467455
530,0,0.017819,4.834312,0.084967,0.007285,4.926564,20.477088,5.550752,30.972981
531,0,0.017342,4.543911,0.052094,0.006781,4.602786,20.725485,4.605506,29.951688
532,0,0.019458,5.080168,0.123529,0.006891,5.210588,19.159124,5.550308,29.939951
533,0,0.016921,4.223373,0.071816,0.006582,4.301771,19.593799,5.718420,29.631385
534,0,0.012694,5.031674,0.053194,0.007069,5.091937,21.393630,3.539082,30.037805
535,0,0.015459,4.406283,0.050390,0.006810,4.463483,19.550687,5.596237,29.626314
536,0,0.021697,4.289169,0.091298,0.007268,4.387735,20.340081,5.547134,30.297172
537,0,0.011347,5.878010,0.191298,0.010022,6.079330,20.730439,1.650083,28.472072
538,0,0.008696,4.073113,0.051568,0.006982,4.131663,19.029288,6.655482,29.825719
539,0,0.017339,4.208049,0.091631,0.007639,4.307319,21.089960,4.589108,30.004212
540,0,0.021338,4.609593,0.073278,0.006246,4.689117,20.951991,4.573420,30.236482
541,0,0.017083,4.585988,0.078653,0.006808,4.671449,19.913222,5.531337,30.133529
542,0,0.013540,5.633888,0.049396,0.007061,5.690345,19.598598,4.635298,29.938359
543,0,0.010882,4.989042,0.095461,0.006558,5.091061,20.595225,3.595907,29.293429
544,0,0.012254,4.141159,0.055089,0.006888,4.203136,21.401401,4.529889,30.147191
545,0,0.014443,4.956255,0.100900,0.007617,5.064772,22.475001,2.534877,30.089557
546,0,0.009141,4.102902,0.048521,0.007153,4.158576,19.013333,6.612637,29.794250
547,0,0.014240,4.174901,0.071074,0.006924,4.252899,21.270330,4.628610,30.166680
548,0,0.011102,4.268728,0.065946,0.006939,4.341613,18.840764,6.600682,29.794675
549,0,0.019555,4.393594,0.059040,0.006492,4.459126,21.079532,3.622258,29.180838
550,0,0.022586,5.175288,0.051129,0.006795,5.233212,22.983376,1.576486,29.816205
551,0,0.006885,5.550724,0.088857,0.007282,5.646863,22.956520,1.536826,30.147531
552,0,0.008538,4.376858,0.053501,0.006674,4.437033,20.720384,5.601293,30.767603
553,0,0.018647,4.135356,0.051033,0.006997,4.193386,21.734073,3.585364,29.532072
554,0,0.011996,4.607199,0.047330,0.006773,4.661302,20.746098,4.532639,29.952490
555,0,0.013466,4.683241,0.098641,0.007840,4.789722,22.802212,1.527601,29.133702
556,0,0.015741,4.545785,0.065379,0.006502,4.617666,23.477090,2.547264,30.658153
557,0,0.012843,4.241714,0.098132,0.006747,4.346593,23.547734,1.531295,29.439077
558,0,0.010482,4.184661,0.058621,0.006742,4.250024,21.341695,4.600208,30.202944
559,0,0.016569,4.844395,0.070947,0.006866,4.922208,20.584397,4.509293,30.033160
560,0,0.016903,4.296866,0.092458,0.007326,4.396650,20.211106,5.552975,30.178191
561,0,0.011319,4.485021,0.051373,0.007226,4.543620,20.716980,4.655740,29.928294
562,0,0.013318,4.134532,0.085426,0.007053,4.227011,26.081073,15.569758,45.891626
563,0,0.022567,5.514673,0.054305,0.006846,5.575824,22.399777,1.555926,29.554703
564,0,0.010321,5.655802,0.054721,0.006733,5.717256,21.103945,2.670506,29.502451
565,0,0.011253,4.221596,0.055603,0.006992,4.284191,21.901751,3.467969,29.665698
566,0,0.012912,3.750561,0.104291,0.007124,3.861976,20.927932,5.612690,30.415919
567,0,0.014407,4.998252,0.092309,0.007408,5.097969,23.073927,16.751662,44.938532
568,0,0.022639,4.457918,0.053471,0.006768,4.518157,20.635499,3.651545,28.828329
569,0,0.009222,4.994641,0.050800,0.007307,5.052748,23.018816,1.557752,29.639421
570,0,0.006584,4.382402,0.159087,0.006744,4.548233,23.958887,1.484904,29.999245
571,0,0.009660,4.127024,0.064372,0.007072,4.198468,24.960411,0.627403,29.796302
572,0,0.006912,5.276564,0.093690,0.007375,5.377629,23.140245,1.670703,30.196061
573,0,0.010294,4.349829,0.048559,0.006868,4.405256,21.224437,3.939750,29.580377
574,0,0.014692,4.152339,0.052876,0.007114,4.212329,24.916180,0.454553,29.598246
575,0,0.007354,5.792701,0.056386,0.007222,5.856309,22.382863,2.533352,30.780440
576,0,0.029124,4.149184,0.059094,0.007049,4.215327,23.840375,1.543985,29.629281
577,0,0.012020,4.481273,0.143964,0.006249,4.631486,22.036594,2.692335,29.372892
578,0,0.012575,4.862829,0.111038,0.007061,4.980928,21.049959,4.641583,30.685460
579,0,0.015045,4.890750,0.098802,0.006874,4.996426,24.120816,16.588918,45.721737
580,0,0.020486,5.766612,0.114739,0.006736,5.888087,22.667971,15.502764,44.079916
581,0,0.019984,5.489759,0.092719,0.006122,5.588600,22.801702,1.538226,29.949010
582,0,0.008921,4.681166,0.058065,0.006821,4.746052,23.473455,1.645304,29.874492
583,0,0.011261,4.412396,0.104323,0.006215,4.522934,24.405417,16.524882,45.465705
584,0,0.018234,4.512884,0.049853,0.006950,4.569687,22.688135,1.715694,28.992320
585,0,0.015322,5.029030,0.051565,0.006712,5.087307,22.718112,1.647898,29.469156
586,0,0.008774,4.444867,0.103680,0.007062,4.555609,22.510115,3.551858,30.626892
587,0,0.012844,4.715770,0.096324,0.006944,4.819038,24.921854,15.616576,45.370991
588,0,0.029955,5.853032,0.069044,0.007108,5.929184,22.061965,1.437237,29.459136
589,0,0.006883,4.183265,0.048430,0.006910,4.238605,22.806893,3.645632,30.698461
590,0,0.013051,6.862269,0.051349,0.006955,6.920573,24.350425,13.750253,45.034747
591,0,0.017038,4.723850,0.091102,0.006767,4.821719,22.476091,2.551055,29.866284
592,0,0.009886,4.040582,0.051173,0.007045,4.098800,22.594689,2.634256,29.338097
593,0,0.008729,4.559978,0.091266,0.006600,4.657844,24.193643,1.655071,30.516068
594,0,0.009672,4.272131,0.054860,0.006994,4.333985,24.394198,0.507373,29.245679
595,0,0.007270,5.482240,0.095543,0.007607,5.585390,23.846828,15.488010,44.928185
596,0,0.018573,4.683893,0.051251,0.006814,4.741958,23.833244,0.452979,29.047129
597,0,0.007348,4.981857,0.098196,0.006656,5.086709,23.649990,1.747561,30.492135
598,0,0.010711,5.367095,0.094762,0.007147,5.469004,25.438646,14.568519,45.487426
599,0,0.020904,5.160611,0.110721,0.005992,5.277324,22.399799,1.541899,29.240559
600,0,0.009346,3.968213,0.102642,0.007321,4.078176,24.369301,0.555140,29.012457
601,0,0.007890,5.755249,0.050384,0.006699,5.812332,24.313190,16.609126,46.743271
602,0,0.017703,4.206729,0.055171,0.007112,4.269012,22.937948,1.492326,28.717951
603,0,0.007898,4.144414,0.106189,0.006981,4.257584,25.313342,16.513525,46.092916
604,0,0.019818,4.607237,0.066463,0.006911,4.680611,24.877896,14.359017,43.937814
605,0,0.016088,4.312592,0.066086,0.007406,4.386084,24.069141,0.551082,29.023166
606,0,0.006962,5.394251,0.434521,0.010202,5.838974,25.360882,14.641692,45.848869
607,0,0.020992,5.085429,0.117286,0.007250,5.209965,24.656018,15.593622,45.481357
608,0,0.021722,4.153053,0.064282,0.007224,4.224559,22.552055,2.614537,29.413320
609,0,0.012293,4.268874,0.052805,0.007357,4.329036,25.296685,15.622729,45.261372
610,0,0.018850,4.309726,0.216017,0.007011,4.532754,24.390117,15.657936,44.600236
611,0,0.026715,4.474886,0.070812,0.006703,4.552401,25.131782,15.639048,45.350637
612,0,0.022915,4.971000,0.060367,0.006640,5.038007,25.503839,13.571524,44.136830
613,0,0.022571,4.875633,0.065405,0.006256,4.947294,23.960897,0.491123,29.422636
614,0,0.007210,4.122533,0.240101,0.006824,4.369458,24.602402,1.502883,30.482542
615,0,0.011259,4.323487,0.050918,0.007335,4.381740,26.318269,15.571364,46.283280
616,0,0.019240,4.223874,0.055918,0.006558,4.286350,24.377832,16.611543,45.295432
617,0,0.020886,4.384187,0.064101,0.006657,4.454945,23.506514,0.445603,28.428424
618,0,0.007176,4.476543,0.056864,0.006845,4.540252,25.531514,15.540947,45.620521
619,0,0.018813,4.403237,0.063799,0.008135,4.475171,23.891257,0.598844,28.984619
620,0,0.011569,5.074021,0.059712,0.007079,5.140812,25.064483,14.650760,44.868274
621,0,0.020280,5.178764,0.135652,0.005665,5.320081,26.683837,12.584987,44.609715
622,0,0.018908,4.592719,0.053608,0.006836,4.653163,25.631936,15.569827,45.874302
623,0,0.020971,4.580412,0.051690,0.007004,4.639106,26.959557,12.536929,44.157199
624,0,0.019651,4.676920,0.058281,0.006992,4.742193,26.563496,13.565710,44.891704
625,0,0.020077,4.360358,0.055066,0.007262,4.422686,23.790642,0.550060,28.784036
626,0,0.007051,4.625160,0.056926,0.006826,4.688912,27.277103,14.683679,46.657248
627,0,0.020724,4.532273,0.061333,0.006833,4.600439,24.253141,15.606710,44.481571
628,0,0.021353,5.148248,0.051954,0.007643,5.207845,24.716180,14.560178,44.506163
629,0,0.020362,4.539241,0.066804,0.006834,4.612879,25.584678,14.675975,44.894516
630,0,0.023491,5.838316,0.116127,0.007419,5.961862,24.671321,14.575070,45.232419
631,0,0.018811,5.212580,0.126476,0.006304,5.345360,26.601100,12.533593,44.499316
632,0,0.018921,4.297923,0.048636,0.006929,4.353488,24.987436,15.596110,44.956389
633,0,0.019823,4.669660,0.051431,0.006851,4.727942,26.697178,13.653571,45.099139
634,0,0.021647,4.855357,0.053300,0.007023,4.915680,27.011119,12.514272,44.463347
635,0,0.018837,4.646594,0.064033,0.007506,4.718133,27.554771,12.622825,44.915099
636,0,0.019300,4.342851,0.117067,0.007024,4.466942,25.347801,15.611722,45.447171
637,0,0.019385,4.169720,0.049345,0.007029,4.226094,25.687934,15.683200,45.617303
638,0,0.017781,4.360544,0.064600,0.006797,4.431941,25.001075,15.655102,45.106474
639,0,0.020496,4.737024,0.056223,0.007578,4.800825,25.851983,14.470234,45.144192
640,0,0.018402,3.991381,0.099727,0.006690,4.097798,27.510015,12.602590,44.229251
641,0,0.020324,4.805044,0.059083,0.006888,4.871015,27.824002,11.855270,44.571380
642,0,0.019224,4.276583,0.057633,0.006809,4.341025,27.208647,12.545840,44.115287
643,0,0.019228,4.122006,0.059984,0.007130,4.189120,29.956067,10.589725,44.754697
644,0,0.020449,4.419843,0.053365,0.006995,4.480203,26.346227,14.538592,45.385877
645,0,0.018546,4.881226,0.052229,0.006969,4.940424,25.009167,14.605440,44.574252
646,0,0.022965,4.389845,0.068965,0.006600,4.465410,27.122233,13.558430,45.169474
647,0,0.019099,4.248690,0.067041,0.007161,4.322892,26.402264,14.615855,45.360835
648,0,0.018687,4.180875,0.064018,0.006646,4.251539,26.799455,13.538758,44.609068
649,0,0.021791,4.951042,0.053851,0.006926,5.011819,25.851235,13.555915,44.441350
650,0,0.017017,4.232622,0.053236,0.006809,4.292667,28.591271,12.557863,45.459329
651,0,0.020439,4.536129,0.054851,0.007167,4.598147,28.381500,11.509452,44.510187
652,0,0.019293,4.334811,0.050751,0.006968,4.392530,26.138881,14.509997,45.061212
653,0,0.019690,5.001949,0.051730,0.007320,5.060999,27.256153,12.492784,44.830346
654,0,0.018786,5.041564,0.091259,0.007429,5.140252,28.904792,10.588446,44.652560
655,0,0.021124,4.084722,0.101023,0.007413,4.193158,26.930653,13.563853,44.709398
656,0,0.019634,5.045054,0.068798,0.006916,5.120768,27.771739,12.747824,45.660668
657,0,0.021691,4.300672,0.053104,0.007305,4.361081,28.919233,11.596795,44.899566
658,0,0.020667,5.248262,0.064474,0.006921,5.319657,27.710727,12.647711,45.699282
659,0,0.020591,4.394471,0.117249,0.006770,4.518490,30.539221,9.554405,44.633161
660,0,0.023629,5.713561,0.069823,0.006853,5.790237,30.020053,8.548408,44.383035
661,0,0.019351,4.551248,0.100078,0.006588,4.657914,27.185352,13.568119,45.431362
662,0,0.020448,4.641833,0.106250,0.007611,4.755694,29.261961,9.506855,43.545492
663,0,0.014393,4.887609,0.053454,0.007023,4.948086,27.365427,12.532096,44.860446
664,0,0.016313,4.792741,0.065650,0.006594,4.864985,28.729692,11.780752,45.392466
665,0,0.018325,5.161296,0.082591,0.006206,5.250093,29.698414,9.688810,44.655992
666,0,0.019740,4.561261,0.209554,0.006904,4.777719,28.821403,10.657623,44.276997
667,0,0.020523,4.510662,0.060144,0.006674,4.577480,27.797636,13.477633,45.873892
668,0,0.018561,5.284259,0.071228,0.007169,5.362656,28.740040,10.622633,44.744368
669,0,0.019433,6.154122,0.178096,0.007153,6.339371,29.239681,8.691643,44.290764
670,0,0.017385,4.392451,0.173633,0.009817,4.575901,29.674220,10.548412,44.816369
671,0,0.020165,4.625139,0.118534,0.007895,4.751568,29.503809,10.667774,44.943870
672,0,0.018731,5.070648,0.058664,0.007075,5.136387,28.780346,11.613375,45.549449
673,0,0.017847,5.129634,0.071382,0.007103,5.208119,28.450990,10.548829,44.226360
674,0,0.018293,5.169922,0.064040,0.006598,5.240560,28.096350,11.587438,44.943221
675,0,0.017549,4.477357,0.050676,0.007328,4.535361,27.511950,13.547476,45.612823
676,0,0.019521,5.477083,0.059553,0.006797,5.543433,29.536555,9.664441,44.764330
677,0,0.021276,6.695904,0.091690,0.007621,6.795215,30.937949,6.632414,44.387388
678,0,0.011767,5.655594,0.088242,0.007229,5.751065,27.774768,12.598926,46.136981
679,0,0.018927,4.505427,0.105883,0.006605,4.617915,29.781465,10.648054,45.066883
680,0,0.020317,5.534102,0.134613,0.007062,5.675777,30.001668,8.638156,44.336382
681,0,0.015703,4.951970,0.096306,0.007360,5.055636,27.654640,12.710806,45.437389
682,0,0.018338,4.268025,0.111211,0.007132,4.386368,29.428690,10.713958,44.547928
683,0,0.017408,5.269154,0.053467,0.006930,5.329551,29.110879,9.595758,44.054026
684,0,0.023325,6.292251,0.106683,0.006883,6.405817,31.271004,7.659014,45.359794
685,0,0.021678,5.679537,0.083199,0.006041,5.768777,29.650984,9.806104,45.247822
686,0,0.021708,5.920288,0.070208,0.006526,5.997022,28.079282,10.664102,44.762734
687,0,0.018647,4.657518,0.075593,0.006801,4.739912,28.889097,10.718599,44.367033
688,0,0.018618,6.136126,0.055624,0.007199,6.198949,29.732166,9.564120,45.514320
689,0,0.035504,6.733329,0.107919,0.007175,6.848423,29.533856,8.567643,44.986481
690,0,0.015223,5.190763,0.088726,0.006577,5.286066,30.461775,8.566295,44.329803
691,0,0.022406,5.751056,0.090100,0.006871,5.848027,28.590443,10.699290,45.160744
692,0,0.019385,6.198701,0.075469,0.006864,6.281034,29.543409,8.787649,44.631974
693,0,0.013041,5.661119,0.094606,0.006871,5.762596,30.575242,8.693798,45.045326
694,0,0.013962,4.447687,0.060484,0.007343,4.515514,28.470881,12.563781,45.564497
695,0,0.018311,4.730879,0.061668,0.006902,4.799449,32.213938,7.542816,44.574853
696,0,0.015994,6.782280,0.101931,0.008323,6.892534,30.456781,7.600435,44.966213
697,0,0.012629,4.667421,0.099434,0.006588,4.773443,31.309314,8.657505,44.753338
698,0,0.015758,5.106400,0.072724,0.006828,5.185952,28.751489,11.551974,45.505760
699,0,0.016334,5.522312,0.059305,0.007184,5.588801,29.886139,9.755704,45.247418
700,0,0.019513,6.364321,0.123906,0.006492,6.494719,30.423261,8.586966,45.525107
701,0,0.023630,6.071243,0.075691,0.006816,6.153750,30.408615,7.561732,44.148190
702,0,0.014459,6.213219,0.114003,0.006758,6.333980,29.483213,9.630477,45.462835
703,0,0.010743,4.393406,0.072655,0.007249,4.473310,31.264385,7.633838,43.382870
704,0,0.015199,5.219832,0.060483,0.006944,5.287259,30.673538,9.526613,45.503086
705,0,0.025623,5.498426,0.054375,0.007106,5.559907,29.904005,9.791193,45.281270
706,0,0.014592,4.525295,0.053610,0.007239,4.586144,31.750686,8.557400,44.909282
707,0,0.018867,4.895580,0.061211,0.007045,4.963836,31.465994,7.617087,44.066240
708,0,0.014812,5.121907,0.075828,0.006830,5.204565,31.742231,8.501167,45.463335
709,0,0.012783,5.173062,0.064634,0.007378,5.245074,34.428510,4.666508,44.353224
710,0,0.015907,5.546223,0.114163,0.007260,5.667646,31.359480,8.593014,45.636580
711,0,0.014598,5.884215,0.054239,0.006744,5.945198,30.915114,7.634660,44.510002
712,0,0.016841,5.250255,0.071880,0.006510,5.328645,33.788861,5.586352,44.721132
713,0,0.012362,5.376009,0.105892,0.007314,5.489215,31.637156,8.677026,45.816232
714,0,0.012469,6.051665,0.110333,0.006832,6.168830,32.716382,5.631084,44.529227
715,0,0.014929,5.766022,0.112373,0.006497,5.884892,31.681800,7.509764,45.092048
716,0,0.022730,5.061444,0.066900,0.006809,5.135153,31.041651,8.564052,44.764093
717,0,0.019670,5.264646,0.097597,0.007040,5.369283,33.155789,6.627264,45.172589
718,0,0.011360,5.258475,0.101233,0.006889,5.366597,30.761352,8.538981,44.678768
719,0,0.014017,5.062347,0.051950,0.006979,5.121276,30.519069,9.634262,45.289186
720,0,0.019564,4.742008,0.095112,0.006562,4.843682,31.190684,9.677595,45.732103
721,0,0.016227,5.404019,0.199793,0.006043,5.609855,30.876380,8.615850,45.119390
722,0,0.018531,5.337050,0.113903,0.006615,5.457568,31.860932,7.591548,44.928931
723,0,0.014919,5.208188,0.109467,0.007083,5.324738,32.017690,7.554511,44.912409
724,0,0.015061,4.971780,0.079742,0.006784,5.058306,33.353864,4.622277,43.049912
725,0,0.011254,4.942775,0.096025,0.006715,5.045515,34.513231,5.597502,45.167969
726,0,0.023609,5.046226,0.108599,0.007536,5.162361,33.919874,5.579441,44.685960
727,0,0.018304,4.437580,0.093280,0.007154,4.538014,33.743972,7.638839,45.939606
728,0,0.014045,4.936730,0.057248,0.006929,5.000907,32.419975,7.515195,44.950747
729,0,0.018021,4.974568,0.083371,0.006396,5.064335,31.442395,7.612610,44.137880
730,0,0.015247,3.966531,0.052440,0.007033,4.026004,33.052973,8.540111,45.634658
731,0,0.014793,5.717860,0.131308,0.005869,5.855037,33.008149,5.656070,44.534547
732,0,0.014108,5.062078,0.093808,0.007134,5.163020,34.239797,5.528873,44.946315
733,0,0.010500,5.200216,0.103963,0.019977,5.324156,30.746830,8.641884,44.723807
734,0,0.015144,5.237546,0.100864,0.007290,5.345700,31.965483,7.486896,44.813741
735,0,0.017483,4.624057,0.119410,0.006766,4.750233,31.152199,9.640547,45.561172
736,0,0.017774,5.315864,0.087409,0.006796,5.410069,31.973062,7.624581,45.025988
737,0,0.015414,4.493174,0.111627,0.006578,4.611379,31.610261,8.657021,44.894571
738,0,0.015184,5.845636,0.073861,0.006859,5.926356,32.648988,5.523693,44.114612
739,0,0.008728,4.817110,0.101991,0.007353,4.926454,36.020159,4.609361,45.565278
740,0,0.012169,4.742941,0.070750,0.006763,4.820454,36.057755,3.617898,44.508807
741,0,0.017221,5.663871,0.094793,0.006895,5.765559,35.538646,5.005541,46.327468
742,0,0.016548,5.667541,0.180687,0.006208,5.854436,39.116472,15.536243,60.524361
743,0,0.020663,5.760879,0.054193,0.006920,5.821992,35.458519,2.662520,43.964287
744,0,0.015471,5.724637,0.110224,0.007850,5.842711,36.626056,2.555174,45.039963
745,0,0.010436,6.216549,0.099075,0.006906,6.322530,36.903870,16.614805,59.852316
746,0,0.020364,4.925483,0.051045,0.006975,4.983503,37.752188,0.573096,43.329578
747,0,0.007417,5.269003,0.060430,0.006329,5.335762,37.051466,3.541178,45.936254
748,0,0.010409,5.787695,0.068413,0.006597,5.862705,37.032883,1.639093,44.545782
749,0,0.008260,5.352982,0.072819,0.006686,5.432487,38.436045,1.512855,45.390101
750,0,0.013918,5.423995,0.092926,0.006848,5.523769,35.435009,3.631688,44.604803
751,0,0.019306,5.816698,0.773189,0.006795,6.596682,36.172032,2.602725,45.391056
752,0,0.012137,4.382945,0.052594,0.007011,4.442550,39.159046,0.571433,44.185837
753,0,0.007593,5.056180,0.086229,0.006896,5.149305,38.799886,1.504811,45.462408
754,0,0.010063,5.363261,0.072473,0.006957,5.442691,37.062640,2.564301,45.080112
755,0,0.010683,4.561648,0.061099,0.006804,4.629551,35.337595,4.548814,44.527118
756,0,0.011411,7.094069,0.107325,0.007138,7.208532,39.041596,14.673854,60.935765
757,0,0.017530,5.163694,0.051866,0.007316,5.222876,37.362732,1.561266,44.164884
758,0,0.011425,5.458258,0.060796,0.006839,5.525893,37.855942,1.514382,44.908176
759,0,0.007744,6.304426,0.054986,0.132877,6.492289,39.027034,15.579501,61.107138
760,0,0.018827,6.000851,0.070692,0.006771,6.078314,40.866793,13.739241,60.703659
761,0,0.016195,5.950789,0.104142,0.007349,6.062280,40.775579,12.672373,59.526928
762,0,0.022211,5.873643,0.064886,0.006777,5.945306,41.044437,12.806669,59.819131
763,0,0.020897,5.514655,0.052741,0.006898,5.574294,37.197094,1.562478,44.355454
764,0,0.007537,5.740812,0.113009,0.007192,5.861013,38.896443,14.588980,59.354427
765,0,0.019592,5.661368,0.058695,0.006844,5.726907,37.339246,1.112101,44.198275
766,0,0.010247,5.870278,0.129585,0.006949,6.006812,40.948114,13.797437,60.763353
767,0,0.039007,6.751646,0.068660,0.007089,6.827395,39.650766,13.538172,60.055927
768,0,0.018084,5.801971,0.226170,0.006915,6.035056,39.247414,14.547172,59.848197
769,0,0.020437,6.283330,0.078791,0.006700,6.368821,38.932909,14.630555,59.953244
770,0,0.017062,6.360217,0.069299,0.006552,6.436068,41.346327,12.654521,60.454425
771,0,0.020412,6.649299,0.084038,0.006103,6.739440,39.393789,13.578143,59.732459
772,0,0.020616,5.766975,0.095762,0.007221,5.869958,40.848479,12.742331,59.481870
773,0,0.018149,6.954783,0.084431,0.006727,7.045941,38.649364,14.611387,60.325399
774,0,0.017857,6.471930,0.119490,0.007350,6.598770,40.321247,12.549617,59.488015
775,0,0.015706,6.172861,0.125239,0.006523,6.304623,40.441104,13.708182,60.470396
776,0,0.019636,5.824208,0.072623,0.006760,5.903591,42.257585,12.641271,60.822844
777,0,0.020287,5.798852,0.147235,0.007343,5.953430,40.747413,13.689538,60.411149
778,0,0.018283,5.664938,0.067010,0.006373,5.738321,41.890154,11.594438,59.241705
779,0,0.018008,5.619398,0.148724,0.008633,5.776755,38.104375,16.591977,60.491855
780,0,0.017530,7.056376,0.103276,0.007388,7.167040,40.211917,10.815294,58.212347
781,0,0.023734,6.812335,0.122176,0.006473,6.940984,39.691424,13.924227,60.581033
782,0,0.021145,5.723181,0.127009,0.007024,5.857214,39.040648,14.788271,59.707810
783,0,0.022716,5.701406,0.114304,0.006955,5.822665,40.391737,13.682978,59.920684
784,0,0.019620,5.554456,0.217034,0.006307,5.777797,41.921803,11.819723,59.539416
785,0,0.021233,4.449282,0.054900,0.007340,4.511522,42.650041,12.717905,59.901423
786,0,0.018695,5.974899,0.100778,0.007992,6.083669,39.388478,14.613600,60.104991
787,0,0.019404,5.854063,0.053205,0.006652,5.913920,38.440098,15.621724,59.995620
788,0,0.020302,5.784389,0.088330,0.006441,5.879160,43.220728,10.669607,59.790247
789,0,0.018183,5.794126,0.051188,0.006565,5.851879,40.619752,13.851771,60.341951
790,0,0.015012,4.547869,0.056462,0.006934,4.611265,41.139601,14.638553,60.404955
791,0,0.018644,5.097089,0.128921,0.006546,5.232556,42.668951,11.721606,59.642395
792,0,0.018213,5.661270,0.057505,0.007004,5.725779,41.861740,12.677675,60.284003
793,0,0.018224,4.479683,0.235939,0.006626,4.722248,42.128190,13.607717,60.476943
794,0,0.018511,4.888302,0.063849,0.007235,4.959386,40.730734,14.519738,60.228789
795,0,0.021220,4.775124,0.052005,0.006934,4.834063,41.766819,11.577370,58.200069
796,0,0.017983,4.903423,0.090278,0.006977,5.000678,40.699748,14.618137,60.337117
797,0,0.020400,5.823348,0.072063,0.006542,5.901953,42.447579,11.808831,60.179357
798,0,0.017924,5.411505,0.056548,0.006800,5.474853,41.125059,12.612544,59.230881
799,0,0.018954,5.222520,0.124803,0.007623,5.354946,43.078241,11.616664,60.069337
800,0,0.018818,5.199835,0.136769,0.008584,5.345188,42.388831,12.670163,60.423458
801,0,0.018588,5.004567,0.049436,0.007082,5.061085,44.486095,9.569088,59.135272
802,0,0.019438,5.072809,0.093633,0.006994,5.173436,41.066154,14.722681,60.982265
803,0,0.018127,4.939706,0.062167,0.006747,5.008620,45.670434,8.663610,59.361271
804,0,0.014086,5.031863,0.100269,0.007032,5.139164,44.218486,10.635243,60.007534
805,0,0.017136,4.777524,0.049906,0.007317,4.834747,41.194794,13.770866,59.817947
806,0,0.018295,4.768233,0.089423,0.006865,4.864521,44.185847,10.560985,59.630056
807,1,0.019398,5.751010,0.098619,0.006590,5.856219,42.237086,13.652934,61.766200
808,1,0.016527,5.199679,0.086751,0.006942,5.293372,43.117373,10.669072,59.096873
809,2,0.077166,6.442959,0.076775,0.006835,6.526569,39.637301,13.760666,60.002226
810,3,0.019258,5.082844,0.067735,0.006895,5.157474,38.787842,16.626938,60.592068
811,3,0.032967,5.311820,0.090410,0.007147,5.409377,38.455302,14.640349,58.538381
812,3,0.019186,5.188702,0.075819,0.005739,5.270260,38.220246,0.533713,44.043900
813,4,0.006835,4.871262,0.068409,0.006646,4.946317,40.273814,15.713682,60.941233
814,5,0.022285,5.925143,0.094990,0.006112,6.026245,39.947515,13.568932,59.565452
815,5,0.019856,6.182005,0.102863,0.006130,6.290998,41.102382,12.590537,60.004475
816,5,0.018562,6.450772,0.091933,0.006610,6.549315,40.440479,13.556512,60.565362
817,5,0.016985,6.312408,0.106818,0.006801,6.426027,42.495109,10.546748,59.485398
